DROP TABLE IF EXISTS matricula;
DROP TABLE IF EXISTS compoe;
DROP TABLE IF EXISTS leciona;
DROP TABLE IF EXISTS aluno;
DROP TABLE IF EXISTS disciplina;
DROP TABLE IF EXISTS curso;
DROP TABLE IF EXISTS professor;
DROP TABLE IF EXISTS departamento;

CREATE TABLE adm (
	id INT NOT NULL AUTO_INCREMENT,
	nome VARCHAR(100) NOT NULL,
	email VARCHAR(100) NOT NULL,
	senha VARCHAR(100) NOT NULL,
	PRIMARY KEY(id)
)ENGINE=InnoDB DEFAULT CHARSET=latin1;

INSERT INTO adm (nome, email, senha) VALUES 
	('administrador', 'adm@gmail.com','1234');

CREATE TABLE departamento (
    codDep INT NOT NULL AUTO_INCREMENT,
    nomeDep VARCHAR(100) NOT NULL, 
    localizacao VARCHAR(100) NOT NULL,
    PRIMARY KEY(codDep)
)ENGINE=InnoDB DEFAULT CHARSET=latin1;

INSERT INTO departamento (nomeDep, localizacao) VALUES 
    ('Departamento de Ciências Exatas', 'Campus Principal'),
    ('Departamento de Ciências Humanas e Sociais', 'Campus Secundário'),
    ('Departamento de Ciências Biológicas', 'Campus Terciário'),
    ('Departamento de Artes e Humanidades', 'Campus Secundário'),
    ('Departamento de Educação', 'Campus Principal'),
    ('Departamento de Saúde', 'Campus Terciário');

    CREATE TABLE professor (
    id INT NOT NULL AUTO_INCREMENT,
    pNome VARCHAR(30) NOT NULL,
    mNome VARCHAR(30) NOT NULL,
    uNome VARCHAR(30) NOT NULL,
    dataNasc DATE NOT NULL,
    sexo VARCHAR (30) NOT NULL,
    email VARCHAR(50) NOT NULL,
    senha VARCHAR(50) NOT NULL, 
    telefone VARCHAR(12),
    titulo VARCHAR(10),
    dataContratacao DATE NOT NULL,
    salario FLOAT NOT NULL,
    codDep INT NOT NULL,
    FOREIGN KEY (codDep) REFERENCES departamento(codDep) ON UPDATE CASCADE ON DELETE CASCADE,
    PRIMARY KEY(id)
)ENGINE=InnoDB DEFAULT CHARSET=latin1;

INSERT INTO professor (pNome, mNome, uNome, dataNasc, sexo, email, senha, telefone, titulo, dataContratacao, salario, codDep) VALUES
	('João', 'da', 'Silva', '1980-01-01', 'masculino', 'joao@unizon.com', '1234', '111-852-569', 'Doutorado', '2020-01-01', 10000.00, 1),
    ('Maria', '', 'Santos', '1985-03-15', 'feminino', 'maria@unizon.com', '1234', '221-234-789', 'Mestrado', '2020-03-01', 9000.00, 1),
    ('Ana', '', 'Paula', '1983-07-25', 'feminino', 'ana@unizon.com', '1234', '441-234-124', 'Mestrado', '2020-09-01', 8000.00, 1),
    ('José', '', 'Rodrigues', '1981-12-30', 'masculino', 'jose@unizon.com', '1234', '551-234-741', 'Doutorado', '2021-01-01', 10000.00, 1),
    ('Maria', 'Silva', 'Lopes', '1990-01-01', 'feminino', 'maria.silva@unizon.com', '1234', '111-234-662', 'Doutorado', '2020-01-01', 5000.00, 1),
    ('João', 'Martins', 'Souza', '1980-02-02', 'masculino', 'joao.martins@unizon.com', '1234', '221-234-987', 'Mestrado', '2019-01-01', 6000.00, 1),
    ('Lucas', 'Gomes', 'Oliveira', '1985-03-03', 'masculino', 'lucas.gomes@unizon.com', '1234', '331-234-147', 'Doutorado', '2020-02-01', 5500.00, 1),
    ('Isabela', 'Ribeiro', 'Costa', '1992-04-04', 'feminino', 'isabela.ribeiro@unizon.com', '1234', '441-234-478', 'Mestrado', '2021-01-01', 5200.00, 1),
    ('Gabriel', 'Santos', 'Ferreira', '1987-05-05', 'masculino', 'gabriel.santos@unizon.com', '1234', '551-234-124', 'Doutorado', '2020-03-01', 5800.00, 1),
    ('Julia', 'Pereira', 'Rodrigues', '1991-06-06', 'feminino', 'julia.pereira@unizon.com', '1234', '661-234-147', 'Mestrado', '2021-02-01', 5600.00, 1),
    ('Guilherme', 'Almeida', 'Souza', '1989-07-07', 'masculino', 'guilherme.almeida@unizon.com', '1234', '771-234-320', 'Doutorado', '2020-04-01', 6000.00, 2),
    ('Larissa', 'Castro', 'Campos', '1993-08-08', 'feminino', 'larissa.castro@unizon.com', '1234', '881-234-000', 'Mestrado', '2021-03-01', 5400.00, 2),
    ('Pedro', 'Sampaio', 'Nascimento', '1986-09-09', 'masculino', 'pedro.sampaio@unizon.com', '1234', '991-234-010', 'Doutorado', '2020-05-01', 6000.00, 2),
    ('Ana', 'Cavalcanti', 'Melo', '1984-10-10', 'feminino', 'ana.cavalcanti@unizon.com', '1234', '101-234-124', 'Mestrado', '2021-04-01', 5500.00, 2),
    ('Rafael', 'Oliveira', 'Gomes', '1983-11-11', 'masculino', 'rafael.oliveira@unizon.com', '1234', '111-234-350', 'Doutorado', '2020-06-01', 6000.00, 2),
    ('Carolina', 'Souza', 'Araújo', '1986-12-02', 'feminino', 'carolina.souza@unizon.com', '1234', '119-876-001', 'Mestrado', '2020-07-01', 7000.00, 2),
    ('Lucas', 'Pereira', 'Ramos', '1987-03-11', 'masculino', 'lucas.pereira@unizon.com', '1234', '114-567-070', 'Doutorado', '2020-08-01', 8000.00, 2),
    ('Fernanda', 'Almeida', 'Silva', '1988-04-12', 'feminino', 'fernanda.almeida@unizon.com', '1234', '119-987-011', 'Mestrado', '2020-09-01', 9000.00, 2),
    ('Pedro', 'Santos', 'Garcia', '1989-05-13', 'masculino', 'pedro.santos@unizon.com', '1234', '115-678-123', 'Doutorado', '2020-10-01', 10000.00, 2),
    ('Ana', 'Ferreira', 'Souza', '1990-06-14', 'feminino', 'ana.ferreira@unizon.com', '1234', '116-789-321', 'Mestrado', '2020-11-01', 11000.00, 2),
    ('Ricardo', 'Lopes', 'Alves', '1991-07-15', 'masculino', 'ricardo.lopes@unizon.com', '1234', '117-890-111', 'Doutorado', '2020-12-01', 12000.00, 3),
    ('Juliana', 'Araújo', 'Costa', '1992-08-16', 'feminino', 'juliana.araujo@unizon.com', '1234', '118-990-122', 'Mestrado', '2021-01-01', 13000.00, 3),
    ('Thiago', 'Martins', 'Oliveira', '1993-09-17', 'masculino', 'thiago.martins@unizon.com', '1234', '111-000-112', 'Doutorado', '2021-02-01', 14000.00, 3),
    ('Gabriela', 'Santana', 'Pereira', '1994-10-18', 'feminino', 'gabriela.santana@unizon.com', '1234', '111-111-122', 'Mestrado', '2021-03-01', 15000.00, 3),
    ('Daniel', 'Soares', 'Almeida', '1995-11-19', 'masculino', 'daniel.soares@unizon.com', '1234', '111-122-222', 'Doutorado', '2021-04-01', 16000.00, 3),
    ('Camila', 'Lima', 'Costa', '1996-12-20', 'feminino', 'camila.lima@unizon.com', '1234', '111-233-123', 'Mestrado', '2021-05-01', 17000.00, 3),
    ('Thiago', 'Fernández', 'Alves', '1989-01-25', 'masculino', 'thiago.fernandez@unizon.com', '1234', '119-876-352', 'Doutorado', '2020-08-01', 7000.00, 3),
    ('Ana', 'Carvalho', 'Santos', '1984-06-07', 'feminino', 'ana.carvalho@unizon.com', '1234', '119-876-852', 'Doutorado', '2020-01-01', 8000.00, 3),
    ('Marcos', 'Araújo', 'Ribeiro', '1990-02-12', 'masculino', 'marcos.araujo@unizon.com', '1234', '119-876-417', 'Doutorado', '2021-02-01', 6000.00, 3),
    ('Isabel', 'Barbosa', 'Rodrigues', '1985-08-20', 'feminino', 'isabel.barbosa@unizon.com', '1234', '119-876-201', 'Doutorado', '2020-03-01', 9000.00, 3),
    ('Paulo', 'Martins', 'Silva', '1991-11-08', 'masculino', 'paulo.martins@unizon.com', '1234', '119-876-036', 'Doutorado', '2021-04-01', 5000.00, 4),
    ('Carla', 'Gomes', 'Costa', '1987-12-06', 'feminino', 'carla.gomes@unizon.com', '1234', '119-876-520', 'Doutorado', '2020-05-01', 6000.00, 4),
    ('Daniel', 'Lima', 'Azevedo', '1988-07-15', 'masculino', 'daniel.lima@unizon.com', '1234', '119-876-111', 'Doutorado', '2021-06-01', 7000.00, 4),
    ('Larissa', 'Souza', 'Monteiro', '1986-03-19', 'feminino', 'larissa.souza@unizon.com', '1234', '119-876-774', 'Doutorado', '2020-07-01', 8000.00, 4),
    ('Vinicius', 'Almeida', 'Gonçalves', '1992-09-22', 'masculino', 'vinicius.almeida@unizon.com', '1234', '119-876-323', 'Doutorado', '2021-08-01', 9000.00, 4),
    ('Luciana', 'Cardoso', 'Pereira', '1994-05-12', 'feminino', 'luciana.cardoso@unizon.com', '1234', '119-876-251', 'Doutorado', '2020-09-01', 6000.00, 4),
    ('Ricardo', 'Rocha', 'Siqueira', '1996-01-24', 'masculino', 'ricardo.rocha@unizon.com', '1234', '119-876-455', 'Doutorado', '2021-10-01', 7000.00, 4),
    ('Ana', 'Silva', 'Souza', '1985-06-12', 'feminino', 'ana.silva@unizon.com', '1234', '111-122-963', 'Mestrado', '2022-01-01', 9000.00, 4),
    ('Lucas', 'Costa', 'Santos', '1987-03-17', 'masculino', 'lucas.costa@unizon.com', '1234', '111-144-951', 'Doutorado', '2021-07-01', 7000.00, 4),
    ('Julia', 'Lima', 'Rodrigues', '1989-05-19', 'feminino', 'julia.lima@unizon.com', '1234', '111-333-753', 'Mestrado', '2021-08-01', 8000.00, 4),
    ('João', 'Garcia', 'Pereira', '1986-10-25', 'masculino', 'joao.garcia@unizon.com', '1234', '111-999-858', 'Doutorado', '2022-03-01', 6000.00, 5),
    ('Carla', 'Fernandes', 'Alves', '1984-01-11', 'feminino', 'carla.fernandes@unizon.com', '1234', '111-999-357', 'Mestrado', '2021-12-01', 8000.00, 5),
    ('Luis', 'Santos', 'Ferreira', '1987-07-29', 'masculino', 'luis.santos@unizon.com', '1234', '111-234-333', 'Doutorado', '2022-05-01', 7000.00, 5),
    ('Mariana', 'Martins', 'Ribeiro', '1988-09-15', 'feminino', 'mariana.martins@unizon.com', '1234', '111-333-654', 'Mestrado', '2021-09-01', 8000.00, 5),
    ('Carlos', 'Rocha', 'Almeida', '1987-11-22', 'masculino', 'carlos.rocha@unizon.com', '1234', '119-876-226', 'Doutorado', '2022-06-01', 7000.00, 5),
    ('Juliana', 'Souza', 'Santana', '1987-02-14', 'feminino', 'juliana.souza@unizon.com', '1234', '119-876-752', 'Mestrado', '2021-11-01', 8000.00, 5),
    ('Pedro', 'Gomes', 'Lima', '1985-04-01', 'masculino', 'pedro.gomes@unizon.com', '1234', '111-233-657', 'Doutorado', '2022-04-01', 6000.00, 5),
    ('Gabriela', 'Costa', 'Martins', '1986-06-19', 'feminino', 'gabriela.costa@unizon.com', '1234', '111-999-741', 'Mestrado', '2021-10-01', 8000.00, 5),
    ('Luiza', 'Nunes', 'Silva', '1995-07-16', 'feminino', 'luiza.nunes@unizon.com', '1234', '114-567-857', 'Doutorado', '2022-01-01', 9000.00, 5),
    ('Vinicius', 'Ribeiro', 'Almeida', '1984-12-22', 'masculino', 'vinicius.ribeiro@unizon.com', '1234', '119-112-070', 'Mestrado', '2022-05-01', 6000.00, 5),
    ('Gustavo', 'Martins', 'Ferreira', '1982-05-19', 'masculino', 'gustavo.martins@unizon.com', '1234', '119-444-362', 'Doutorado', '2021-12-01', 8000.00, 6),
    ('Julia', 'Costa', 'Lima', '1998-04-01', 'feminino', 'julia.costa@unizon.com', '1234', '119-222-225', 'Mestrado', '2022-07-01', 6000.00, 6),
    ('Mateus', 'Santos', 'Souza', '1992-03-19', 'masculino', 'mateus.santos@unizon.com', '1234', '119-333-997', 'Doutorado', '2022-02-01', 6000.00, 6),
    ('Lais', 'Almeida', 'Ferreira', '1987-06-25', 'feminino', 'lais.almeida@unizon.com', '1234', '119-111-878', 'Mestrado', '2022-08-01', 7000.00, 6),
    ('Raphael', 'Costa', 'Souza', '1981-02-02', 'masculino', 'raphael.costa@unizon.com', '1234', '119-444-233', 'Doutorado', '2021-11-01', 8000.00, 6),
    ('Isabela', 'Souza', 'Lima', '1999-08-01', 'feminino', 'isabela.souza@unizon.com', '1234', '119-777-787', 'Mestrado', '2022-09-01', 6000.00, 6),
    ('Felipe', 'Lima', 'Silva', '1994-09-19', 'masculino', 'felipe.lima@unizon.com', '1234', '119-111-444', 'Doutorado', '2022-03-01', 7000.00, 6),
    ('Bianca', 'Martins', 'Costa', '1996-06-19', 'feminino', 'bianca.martins@unizon.com', '1234', '119-555-587', 'Doutorado', '2020-07-01', 8000.00, 6),
    ('Lucas', 'Alves', 'Souza', '1990-03-14', 'masculino', 'lucas.alves@unizon.com', '1234', '119-999-741', 'Doutorado', '2022-05-01', 9000.00, 6),
    ('Juliana', 'Silva', 'Moreira', '1988-07-12', 'feminino', 'juliana.silva@unizon.com', '1234', '119-999-022', 'Mestrado', '2022-08-01', 8000.00, 6);

CREATE TABLE curso (
    codCurso INT NOT NULL UNIQUE,
    nomeC VARCHAR(30) NOT NULL, 
    turno VARCHAR(10) NOT NULL, 
    coordenador INT, 
    codDep INT NOT NULL,
    PRIMARY KEY (codCurso),
    FOREIGN KEY (codDep) REFERENCES departamento(codDep) ON UPDATE CASCADE ON DELETE CASCADE,
    FOREIGN KEY (coordenador) REFERENCES professor(id) ON UPDATE CASCADE ON DELETE SET NULL
)ENGINE=InnoDB DEFAULT CHARSET=latin1;

INSERT INTO curso (codCurso, nomeC, turno, coordenador, codDep) VALUES 
    (1, 'Matemática', 'Matutino', 1, 1),
    (2, 'Física', 'Vespertino', 2, 1),
    (3, 'Química', 'Noturno', 3, 1),
    (4, 'Ciência da Computação', 'Integral', 4, 1),
    (5, 'Estatística', 'Matutino', 5, 1),
    (6, 'Psicologia', 'Matutino', 6, 2),
    (7, 'Sociologia', 'Vespertino', 7, 2),
    (8, 'Antropologia', 'Noturno', 8, 2),
    (9, 'História', 'Integral', 9, 2),
    (10, 'Filosofia', 'Matutino', 10, 2),
    (11, 'Biologia', 'Matutino', 11, 3),
    (12, 'Biomedicina', 'Vespertino', 12, 3),
    (13, 'Ecoturismo e Biodiversidade', 'Noturno', 13, 3),
    (14, 'Biotecnologia', 'Integral', 14, 3),
    (15, 'Fisiologia', 'Matutino', 15, 3),
    (16, 'Artes Plásticas', 'Matutino', 16, 4),
    (17, 'Teatro', 'Vespertino', 17, 4),
    (18, 'Dança', 'Noturno', 18, 4),
    (19, 'Música', 'Integral', 19, 4),
    (20, 'Literatura', 'Matutino', 20, 4),
    (21, 'Pedagogia', 'Matutino', 21, 5),
    (22, 'Letras', 'Vespertino', 22, 5),
    (23, 'Artes Visuais', 'Noturno', 23, 5),
    (24, 'Educação Especial', 'Matutino', 24, 5),
    (25, 'Educação Física', 'Matutino', 25, 5), 
    (26, 'Enfermagem', 'Integral', 26, 6),
    (27, 'Farmácia', 'Noturno', 27, 6),
    (28, 'Fisioterapia', 'Matutino', 28, 6),
    (29, 'Odontologia', 'Vespertino', 29, 6),
    (30, 'Medicina', 'Integral', 30, 6);

CREATE TABLE disciplina (
    codDis VARCHAR(10) NOT NULL UNIQUE,
    nomeDis VARCHAR(100) NOT NULL, 
    cargaH INT NOT NULL,  
    periodo INT NOT NULL, 
    semestre INT NOT NULL,
    PRIMARY KEY (codDis)
) ENGINE=InnoDB DEFAULT CHARSET=latin1; 

INSERT INTO disciplina (codDis, nomeDis, cargaH, periodo, semestre) VALUES
    ('DIS001', 'Álgebra Linear', 120, 4, 2),
    ('DIS002', 'Cálculo Diferencial e Integral', 120, 4, 2),
    ('DIS003', 'Geometria Analítica', 60, 4, 1),
    ('DIS004', 'Equações Diferenciais', 120, 5, 2),
    ('DIS005', 'Teoria da Probabilidade', 60, 5, 1),
    ('DIS006', 'Estatística Descritiva e Inferencial', 120, 6, 2),
    ('DIS007', 'Teoria da Informação', 120, 6, 1),
    ('DIS008', 'Análise Combinatória', 60, 7, 2),
    ('DIS009', 'Geometria Euclidiana e Não Euclidiana', 120, 7, 1),
    ('DIS010', 'Teoria dos Números', 120, 8, 2),

    ('DIS011', 'Mecânica Clássica', 120, 6, 1),
    ('DIS012', 'Eletromagnetismo', 60, 6, 1),
    ('DIS013', 'Óptica', 30, 6, 1),
    ('DIS014', 'Termodinâmica', 60, 6, 2),
    ('DIS015', 'Física Quântica', 60, 6, 2),
    ('DIS016', 'Relatividade Especial', 60, 6, 2),
    ('DIS017', 'Astromomia e Cosmologia', 120, 6, 2),
    ('DIS018', 'Física Nuclear e de Partículas', 60, 6, 2),
    ('DIS019', 'Física de Plasmas', 30, 6, 2),
    ('DIS020', 'Física de Materiais', 60, 6, 2),

    ('DIS021', 'Química Inorgânica', 120, 1, 1),
    ('DIS022', 'Química Orgânica', 120, 2, 1),
    ('DIS023', 'Físico-Química', 120, 1, 2),
    ('DIS024', 'Química Geral', 30, 1, 1),
    ('DIS025', 'Química dos Materiais', 30, 2, 1),
    ('DIS026', 'Química de Sólidos', 60, 1, 2),
    ('DIS027', 'Química Biológica', 30, 2, 2),
    ('DIS028', 'Química Ambiental', 30, 1, 1),
    ('DIS029', 'Química de Superfícies', 60, 2, 1),
    ('DIS030', 'Química Analítica', 60, 2, 2),

    ('DIS031', 'Teoria de Linguagens e Compildores', 120, 4, 2),
    ('DIS032', 'Algoritmos e Estruturas de Dados', 120, 1, 2),
    ('DIS033', 'Sistemas Operacionais', 60, 2, 1),
    ('DIS034', 'Redes de Computadores', 120, 2, 2),
    ('DIS035', 'Banco de Dados', 60, 3, 1),
    ('DIS036', 'Inteligência Artificial', 120, 3, 2),
    ('DIS037', 'Programação Paralela e Distribuída', 120, 4, 1),
    ('DIS038', 'Segurança de Computadores', 30, 4, 2),
    ('DIS039', 'Desenvolvimento de Jogos', 60, 5, 1),
    ('DIS040', 'Gráficos por Computador', 60, 5, 2),

    ('DIS041', 'Análise de Dados', 120, 1, 1),
    ('DIS042', 'Modelagem Estatística', 120, 2, 1),
    ('DIS043', 'Aprendizado de Máquina', 30, 1, 2),
    ('DIS044', 'Testes Estatísticos', 60, 2, 2),
    ('DIS045', 'Análise Multivariada', 60, 1, 2),
    ('DIS046', 'Processos Estocásticos', 30, 2, 2),
    ('DIS047', 'Modelos de Regressão', 120, 4, 1),
    ('DIS048', 'Análise de Séries Temporais', 30, 4, 2),
    ('DIS049', 'Inferência Bayesiana', 30, 5, 1),
    ('DIS050', 'Análise de Dados Clusterização', 60, 5, 2),

    ('DIS051', 'Psicologia Social', 120, 8, 2),
    ('DIS052', 'Psicologia Cognitiva', 120, 8, 2),
    ('DIS053', 'Psicologia Clínica', 120, 8, 2),
    ('DIS054', 'Neuropsicologia', 60, 8, 2),
    ('DIS055', 'Psicologia do Desenvolvimento', 30, 8, 2),
    ('DIS056', 'Psicologia Organizacional e do Trabalho', 30, 8, 2),
    ('DIS057', 'Psicologia da Saúde', 60, 8, 2),
    ('DIS058', 'Psicometria', 30, 8, 2),
    ('DIS059', 'Psicologia Experimental', 60, 8, 2),
    ('DIS060', 'Psicologia da Educação', 60, 8, 2),

    ('DIS061', 'Teoria Sociológica', 60, 1, 1),
    ('DIS062', 'Estudos Culturais', 60, 2, 1),
    ('DIS063', 'Estudos de Gênero', 60, 1, 2),
    ('DIS064', 'Estudos Urbanos', 60, 2, 2),
    ('DIS065', 'Estudos da Globalização', 60, 3, 1),
    ('DIS066', 'Estudos de População', 60, 3, 2),
    ('DIS067', 'Teorias da Comunicação', 60, 4, 1),
    ('DIS068', 'Teorias da Mudança Social', 60, 4, 2),
    ('DIS069', 'Teorias do Conflito e da Ação Coletiva', 60, 5, 1),
    ('DIS070', 'Teorias da Estruturação', 60, 5, 2),

    ('DIS071', 'Antropologia Cultural', 60, 4, 2),
    ('DIS072', 'Antropologia Social', 60, 4, 2),
    ('DIS073', 'Antropologia Biológica', 60, 4, 2),
    ('DIS074', 'Antropologia Econômica', 60, 4, 2),
    ('DIS075', 'Antropologia Visual', 60, 4, 2),
    ('DIS076', 'Antropologia Urbana', 60, 4, 2),
    ('DIS077', 'Antropologia da Alimentação', 60, 4, 2),
    ('DIS078', 'Antropologia da Saúde', 60, 4, 2),
    ('DIS079', 'Antropologia do Parentesco', 60, 4, 2),
    ('DIS080', 'Antropologia da Educação', 60, 4, 2),

    ('DIS081', 'História Antiga', 120, 1, 1), 
    ('DIS082', 'História Medieval', 120, 1, 2), 
    ('DIS083', 'História Moderna', 120, 2, 1), 
    ('DIS084', 'História Contemporânea', 60, 2, 2), 
    ('DIS085', 'História da América', 60, 3, 1), 
    ('DIS086', 'História da Ásia', 30, 3, 2), 
    ('DIS087', 'História da África', 60, 4, 1), 
    ('DIS088', 'História da Europa', 60, 4, 2), 
    ('DIS089', 'História do Brasil', 60, 5, 1), 
    ('DIS090', 'História da Arte', 60, 5, 2),

    ('DIS091', 'Ética', 30, 1, 1),
    ('DIS092', 'Metafísica', 120, 1, 2),
    ('DIS093', 'Epistemologia', 60, 2, 1),
    ('DIS094', 'Lógica', 30, 2, 2),
    ('DIS095', 'Filosofia da Religião', 60, 3, 1),
    ('DIS096', 'Filosofia da Mente', 120, 3, 2),
    ('DIS097', 'Filosofia Política', 60, 4, 1),
    ('DIS098', 'Filosofia da Ciência', 30, 4, 2),
    ('DIS099', 'Filosofia da Educação', 30, 5, 1),
    ('DIS100', 'Filosofia da Linguagem', 60, 5, 2),

    ('DIS101', 'Botânica', 60, 6, 2),
    ('DIS102', 'Zoologia', 60, 6, 2),
    ('DIS103', 'Microbiologia', 60, 6, 2),
    ('DIS104', 'Genética', 60, 6, 2),
    ('DIS105', 'Ecologia', 60, 6, 2),
    ('DIS106', 'Fisiologia', 60, 6, 2),
    ('DIS107', 'Morfologia', 60, 6, 2),
    ('DIS108', 'Bioquímica', 60, 6, 2),
    ('DIS109', 'Biologia molecular', 60, 6, 2),
    ('DIS110', 'Biologia celular', 60, 6, 2),

    ('DIS111', 'Anatomia', 60, 1, 1),
    ('DIS112', 'Fisiologia', 60, 1, 2),
    ('DIS113', 'Bioquímica', 60, 1, 2),
    ('DIS114', 'Microbiologia', 60, 2, 2),
    ('DIS115', 'Imunologia', 60, 2, 2),
    ('DIS116', 'Patologia', 60, 2, 2),
    ('DIS117', 'Farmacologia', 60, 3, 1),
    ('DIS118', 'Genética médica', 60, 3, 2),
    ('DIS119', 'Radiologia', 60, 3, 2),
    ('DIS120', 'Anatomia patológica', 60, 4, 1),

    ('DIS121', 'Ecologia Aplicada', 120, 1, 1),
    ('DIS122', 'Biodiversidade e Conservação da Natureza', 120, 1, 1),
    ('DIS123', 'Ecoturismo Sustentável', 120, 2, 1),
    ('DIS124', 'Geologia e Geomorfologia', 120, 2, 1),
    ('DIS125', 'Zoologia', 120, 3, 1),
    ('DIS126', 'Botânica', 120, 3, 1),
    ('DIS127', 'Entomologia', 120, 4, 1),
    ('DIS128', 'Ornitologia', 120, 4, 1),
    ('DIS129', 'Ecoturismo Cultural', 120, 5, 1),
    ('DIS130', 'Planejamento e Gestão de Reservas Naturais', 120, 5, 1),

    ('DIS131', 'Microbiologia', 120, 1, 1),
    ('DIS132', 'Bioquímica', 120, 1, 1),
    ('DIS133', 'Biologia celular', 120, 2, 1),
    ('DIS134', 'Genética', 120, 2, 1),
    ('DIS135', 'Fermentação', 120, 3, 1),
    ('DIS136', 'Imunologia', 120, 3, 1),
    ('DIS137', 'Biologia molecular', 120, 4, 1),
    ('DIS138', 'Bioinformática', 120, 4, 1),
    ('DIS139', 'Processamento de alimentos', 120, 5, 1),
    ('DIS140', 'Engenharia genética', 120, 5, 1),

    ('DIS141', 'Anatomia', 120, 4, 2),
    ('DIS142', 'Bioquímica', 60, 4, 2),
    ('DIS143', 'Farmacologia', 120, 4, 2),
    ('DIS144', 'Genética', 60, 4, 2),
    ('DIS145', 'Fisiologia celular', 60, 4, 2),
    ('DIS146', 'Fisiologia do sistema nervoso', 120, 4, 2),
    ('DIS147', 'Fisiologia cardiovascular', 120, 4, 2),
    ('DIS148', 'Fisiologia respiratória', 120, 4, 2),
    ('DIS149', 'Fisiologia digestiva', 60, 4, 2),
    ('DIS150', 'Endocrinologia', 60, 4, 2),

    ('DIS151', 'Desenho', 60, 1, 1),
    ('DIS152', 'Pintura', 60, 1, 1),
    ('DIS153', 'Escultura', 60, 2, 1),
    ('DIS154', 'Fotografia', 60, 2, 1),
    ('DIS155', 'Gravura', 60, 1, 2),
    ('DIS156', 'Multimídia', 60, 2, 2),
    ('DIS157', 'Design', 60, 2, 2),
    ('DIS158', 'Teoria das Artes', 60, 1, 2),
    ('DIS159', 'Artes Visuais', 60, 2, 2),
    ('DIS160', 'História da Arte', 60, 1, 2),

    ('DIS161', 'Interpretação', 60, 1, 1),
    ('DIS162', 'Direção', 60, 2, 1),
    ('DIS163', 'Dramaturgia', 60, 1, 2),
    ('DIS164', 'Cenografia', 60, 2, 2),
    ('DIS165', 'Iluminação', 60, 1, 2),
    ('DIS166', 'Figurino', 60, 2, 2),
    ('DIS167', 'Performance', 60, 1, 2),
    ('DIS168', 'Teoria do Teatro', 60, 4, 2),
    ('DIS169', 'Processos Criativos', 60, 5, 1),
    ('DIS170', 'História do Teatro', 60, 5, 2),

    ('DIS171', 'Coreografia', 60, 1, 1),
    ('DIS172', 'Técnica de Dança', 60, 2, 1),
    ('DIS173', 'Repertório', 60, 1, 2),
    ('DIS174', 'Performance', 60, 2, 2),
    ('DIS175', 'Improvisação', 60, 1, 3),
    ('DIS176', 'História da Dança', 60, 3, 2),
    ('DIS177', 'Anatomia para Dançarinos', 60, 4, 1),
    ('DIS178', 'Comunicação Corporal', 60, 4, 2),
    ('DIS179', 'Processos Criativos', 60, 5,1),
    ('DIS180', 'Teoria da Dança', 60, 5, 2),

    ('DIS181', 'Teoria Musical', 30, 1, 1),
    ('DIS182', 'Performance', 30, 2, 1),
    ('DIS183', 'Instrumento', 60, 3, 1),
    ('DIS184', 'Composição', 60, 4, 1),
    ('DIS185', 'Arranjo', 30, 5, 1),
    ('DIS186', 'História da Música', 30, 6, 1),
    ('DIS187', 'Análise Musical', 30, 7, 1),
    ('DIS188', 'Direção de Orquestra', 40, 8, 1),
    ('DIS189', 'Canto', 60, 9, 1),
    ('DIS190', 'Improvisação', 30, 10, 1),

    ('DIS191', 'Leitura e Interpretação de Textos', 60, 4, 1),
    ('DIS192', 'Teoria Literária', 60, 4, 2),
    ('DIS193', 'Análise de Gêneros Literários', 60, 4, 2),
    ('DIS194', 'Literatura Brasileira', 60, 4, 1),
    ('DIS195', 'Literatura Estrangeira', 60, 4, 1),
    ('DIS196', 'Literatura Infantil', 60, 4, 2),
    ('DIS197', 'Literatura Popular', 60, 4, 2),
    ('DIS198', 'Teatro', 60, 4, 1),
    ('DIS199', 'Poesia', 60, 4, 1),
    ('DIS200', 'Conto e Romance', 60, 4, 2),

    ('DIS201', 'Psicologia da Educação', 60, 1, 1),
    ('DIS202', 'Teorias da Aprendizagem', 60, 2, 1),
    ('DIS203', 'Currículo e Ensino', 60, 1, 2),
    ('DIS204', 'Gestão Educacional', 60, 2, 2),
    ('DIS205', 'História da Educação', 60, 3, 1),
    ('DIS206', 'Sociologia da Educação', 60, 3, 2),
    ('DIS207', 'Filosofia da Educação', 60, 4, 1),
    ('DIS208', 'Metodologia do Ensino', 60, 4, 2),
    ('DIS209', 'Linguagem e Comunicação', 60, 5, 1),
    ('DIS210', 'Educação e Diversidade Cultural', 60, 5, 2),

    ('DIS211', 'Língua Portuguesa', 60, 1, 1),
    ('DIS212', 'Literatura Brasileira', 60, 2, 1),
    ('DIS213', 'Literatura Portuguesa', 60, 1, 2),
    ('DIS214', 'Gramática e Linguística', 60, 2, 2),
    ('DIS215', 'Literatura Infanto-Juvenil', 60, 3, 1),
    ('DIS216', 'Teoria Literária', 60, 3, 2),
    ('DIS217', 'Análise Literária', 60, 4, 1),
    ('DIS218', 'Literatura Estrangeira', 60, 4, 2),
    ('DIS219', 'Literatura Comparada', 60, 5, 1),
    ('DIS220', 'Semiótica', 60, 5, 2),

    ('DIS221', 'Desenho', 60, 1, 1),
    ('DIS222', 'Pintura', 60, 2, 1),
    ('DIS223', 'Escultura', 60, 1, 2),
    ('DIS224', 'Gravura', 60, 2, 2),
    ('DIS225', 'Fotografia', 60, 3, 1),
    ('DIS226', 'Teoria das Artes', 60, 3, 2),
    ('DIS227', 'História da Arte', 60, 4, 1),
    ('DIS228', 'Design Gráfico', 60, 4, 2),
    ('DIS229', 'Ilustração', 60, 5, 1),
    ('DIS230', 'Artes Digitais', 60, 5, 2),

    ('DIS231', 'Psicologia da Educação Especial', 60, 5, 2),
    ('DIS232', 'Teorias e Modelos de Intervenção em Educação Especial', 60, 5, 2),
    ('DIS233', 'Metodologia de Ensino em Educação Especial', 60, 5, 2),
    ('DIS234', 'Língua Portuguesa para Alunos com Necessidades Especiais', 60, 5, 1),
    ('DIS235', 'Atividades Físicas Adaptadas', 60, 5, 2),
    ('DIS236', 'Desenvolvimento e Aprendizagem em Educação Especial', 60, 5, 2),
    ('DIS237', 'Análise e Diagnóstico em Educação Especial', 60, 5, 2),
    ('DIS238', 'Lei de Diretrizes e Bases da Educação Nacional e a Educação Especial', 60, 5, 1),
    ('DIS239', 'A Inclusão Escolar de Alunos com Necessidades Especiais', 60, 5, 2),
    ('DIS240', 'Tecnologia Assistiva e a Educação Especial', 60, 5, 2),

    ('DIS241', 'Anatomia e Fisiologia Humana', 60, 5, 1),
    ('DIS242', 'Treinamento Desportivo', 60, 5, 2),
    ('DIS243', 'Atividade Física e Saúde', 60, 5, 2),
    ('DIS244', 'Jogos e Esportes', 60, 5, 2),
    ('DIS245', 'Didática da Educação Física', 60, 5, 1),
    ('DIS246', 'História da Educação Física', 60, 5, 2),
    ('DIS247', 'Sociologia do Esporte', 60, 5, 2),
    ('DIS248', 'Bioquímica do Exercício', 60, 5, 2),
    ('DIS249', 'Anatomia Funcional', 60, 5, 1),
    ('DIS250', 'Fisiologia do Exercício', 60, 5, 2),

    ('DIS251', 'Anatomia Humana', 60, 4, 1),
    ('DIS252', 'Fisiologia', 60, 4, 1),
    ('DIS253', 'Microbiologia', 60, 4, 1),
    ('DIS254', 'Farmacologia', 60, 4, 2),
    ('DIS255', 'Saúde Coletiva', 60, 4, 2),
    ('DIS256', 'Semiologia', 60, 4, 2),
    ('DIS257', 'Psiquiatria', 60, 4, 2),
    ('DIS258', 'Pediatria', 60, 4, 2),
    ('DIS259', 'Obstetrícia', 60, 4, 2),
    ('DIS260', 'Geriatria', 60, 4, 2),

    ('DIS261', 'Farmacologia', 60, 4, 1),
    ('DIS262', 'Química Farmacêutica', 60, 4, 1),
    ('DIS263', 'Toxicologia', 60, 4, 2),
    ('DIS264', 'Bioquímica', 60, 4, 2),
    ('DIS265', 'Farmacotécnica', 60, 4, 2),
    ('DIS266', 'Farmacognosia', 60, 4, 2),
    ('DIS267', 'Farmacologia Clínica', 60, 4, 2),
    ('DIS268', 'Farmacologia Experimental', 60, 4, 2),
    ('DIS269', 'Farmacologia Veterinária', 60, 4, 2),
    ('DIS270', 'Farmacologia de Alimentos', 60, 4, 2),

    ('DIS271', 'Anatomia Humana', 60, 4, 1),
    ('DIS272', 'Fisiologia', 60, 4, 1),
    ('DIS273', 'Neuroanatomia', 60, 4, 2),
    ('DIS274', 'Fisioterapia Dermatofuncional', 60, 4, 2),
    ('DIS275', 'Fisioterapia Ortopédica', 60, 4, 2),
    ('DIS276', 'Fisioterapia Pediátrica', 60, 4, 2),
    ('DIS277', 'Fisioterapia Respiratória', 60, 4, 2),
    ('DIS278', 'Fisioterapia Neurologica', 60, 4, 2),
    ('DIS279', 'Fisioterapia Cardíaca', 60, 4, 2),
    ('DIS280', 'Fisioterapia em Saúde Mental', 60, 4, 2),

    ('DIS281', 'Anatomia Humana', 60, 4, 1),
    ('DIS282', 'Fisiologia', 60, 4, 1),
    ('DIS283', 'Patologia', 60, 4, 2),
    ('DIS284', 'Anatomia Dentária', 60, 4, 2),
    ('DIS285', 'Prótese Dentária', 60, 4, 2),
    ('DIS286', 'Endodontia', 60, 5, 2),
    ('DIS287', 'Periodontia', 60, 6, 2),
    ('DIS288', 'Ortodontia', 60, 7, 2),
    ('DIS289', 'Cirurgia', 60, 8, 2),
    ('DIS290', 'Radiologia', 60, 9, 2),

    ('DIS291', 'Anatomia Humana', 60, 2, 1),
    ('DIS292', 'Fisiologia', 60, 2, 2),
    ('DIS293', 'Bioquímica', 60, 3, 2),
    ('DIS294', 'Patologia', 60, 3, 2),
    ('DIS295', 'Microbiologia', 60, 5, 2),
    ('DIS296', 'Imunologia', 60, 6, 2),
    ('DIS297', 'Farmacologia', 60, 7, 2),
    ('DIS298', 'Genética', 60, 8, 2),
    ('DIS299', 'Epidemiologia', 60, 9, 2),
    ('DIS300', 'Saúde Coletiva', 60, 8, 2);

CREATE TABLE compoe (
    codCurso INT NOT NULL, 
    CodDis VARCHAR(6) NOT NULL, 
    FOREIGN KEY (codCurso) REFERENCES curso(codCurso) ON UPDATE CASCADE ON DELETE CASCADE,
    FOREIGN KEY (codDis) REFERENCES disciplina(codDis) ON UPDATE CASCADE ON DELETE CASCADE
)ENGINE=InnoDB DEFAULT CHARSET=latin1;    

INSERT INTO compoe (codCurso,  codDis) VALUES
    (1, 'DIS001'), (1, 'DIS002'), (1, 'DIS003'), (1, 'DIS004'), (1, 'DIS005'), (1, 'DIS006'), (1, 'DIS007'), (1, 'DIS008'), (1, 'DIS009'), (1, 'DIS010'), 
    (2, 'DIS011'), (2, 'DIS012'), (2, 'DIS013'), (2, 'DIS014'), (2, 'DIS015'), (2, 'DIS016'), (2, 'DIS017'), (2, 'DIS018'), (2, 'DIS019'), (2, 'DIS020'), 
    (3, 'DIS021'), (3, 'DIS022'), (3, 'DIS023'), (3, 'DIS024'), (3, 'DIS025'), (3, 'DIS026'), (3, 'DIS027'), (3, 'DIS028'), (3, 'DIS029'), (3, 'DIS030'), 
    (4, 'DIS031'), (4, 'DIS032'), (4, 'DIS033'), (4, 'DIS034'), (4, 'DIS035'), (4, 'DIS036'), (4, 'DIS037'), (4, 'DIS038'), (4, 'DIS039'), (4, 'DIS040'), 
    (5, 'DIS041'), (5, 'DIS042'), (5, 'DIS043'), (5, 'DIS044'), (5, 'DIS045'), (5, 'DIS046'), (5, 'DIS047'), (5, 'DIS048'), (5, 'DIS049'), (5, 'DIS050'), 
    (6, 'DIS051'), (6, 'DIS052'), (6, 'DIS053'), (6, 'DIS054'), (6, 'DIS055'), (6, 'DIS056'), (6, 'DIS057'), (6, 'DIS058'), (6, 'DIS059'), (6, 'DIS060'), 
    (7, 'DIS061'), (7, 'DIS062'), (7, 'DIS063'), (7, 'DIS064'), (7, 'DIS065'), (7, 'DIS066'), (7, 'DIS067'), (7, 'DIS068'), (7, 'DIS069'), (7, 'DIS070'), 
    (8, 'DIS071'), (8, 'DIS072'), (8, 'DIS073'), (8, 'DIS074'), (8, 'DIS075'), (8, 'DIS076'), (8, 'DIS077'), (8, 'DIS078'), (8, 'DIS079'), (8, 'DIS080'), 
    (9, 'DIS081'), (9, 'DIS082'), (9, 'DIS083'), (9, 'DIS084'), (9, 'DIS085'), (9, 'DIS086'), (9, 'DIS087'), (9, 'DIS088'), (9, 'DIS089'), (9, 'DIS090'), 
    (10, 'DIS091'), (10, 'DIS092'), (10, 'DIS093'), (10, 'DIS094'), (10, 'DIS095'), (10, 'DIS096'), (10, 'DIS097'), (10, 'DIS098'), (10, 'DIS099'), (10, 'DIS100'), 
    (11, 'DIS101'), (11, 'DIS102'), (11, 'DIS103'), (11, 'DIS104'), (11, 'DIS105'), (11, 'DIS106'), (11, 'DIS107'), (11, 'DIS108'), (11, 'DIS109'), (11, 'DIS110'), 
    (12, 'DIS111'), (12, 'DIS112'), (12, 'DIS113'), (12, 'DIS114'), (12, 'DIS115'), (12, 'DIS116'), (12, 'DIS117'), (12, 'DIS118'), (12, 'DIS119'), (12, 'DIS120'),  
    (13, 'DIS121'), (13, 'DIS122'), (13, 'DIS123'), (13, 'DIS124'), (13, 'DIS125'), (13, 'DIS126'), (13, 'DIS127'), (13, 'DIS128'), (13, 'DIS129'), (13, 'DIS130'), 
    (14, 'DIS131'), (14, 'DIS132'), (14, 'DIS133'), (14, 'DIS134'), (14, 'DIS135'), (14, 'DIS136'), (14, 'DIS137'), (14, 'DIS138'), (14, 'DIS139'), (14, 'DIS140'), 
    (15, 'DIS141'), (15, 'DIS142'), (15, 'DIS143'), (15, 'DIS144'), (15, 'DIS145'), (15, 'DIS146'), (15, 'DIS147'), (15, 'DIS148'), (15, 'DIS149'), (15, 'DIS150'), 
    (16, 'DIS151'), (16, 'DIS152'), (16, 'DIS153'), (16, 'DIS154'), (16, 'DIS155'), (16, 'DIS156'), (16, 'DIS157'), (16, 'DIS158'), (16, 'DIS159'), (16, 'DIS160'), 
    (17, 'DIS161'), (17, 'DIS162'), (17, 'DIS163'), (17, 'DIS164'), (17, 'DIS165'), (17, 'DIS166'), (17, 'DIS167'), (17, 'DIS168'), (17, 'DIS169'), (17, 'DIS170'), 
    (18, 'DIS171'), (18, 'DIS172'), (18, 'DIS173'), (18, 'DIS174'), (18, 'DIS175'), (18, 'DIS176'), (18, 'DIS177'), (18, 'DIS178'), (18, 'DIS179'), (18, 'DIS180'), 
    (19, 'DIS181'), (19, 'DIS182'), (19, 'DIS183'), (19, 'DIS184'), (19, 'DIS185'), (19, 'DIS186'), (19, 'DIS187'), (19, 'DIS188'), (19, 'DIS189'), (19, 'DIS190'), 
    (20, 'DIS191'), (20, 'DIS192'), (20, 'DIS193'), (20, 'DIS194'), (20, 'DIS195'), (20, 'DIS196'), (20, 'DIS197'), (20, 'DIS198'), (20, 'DIS199'), (20, 'DIS200'), 
    (21, 'DIS201'), (21, 'DIS202'), (21, 'DIS203'), (21, 'DIS204'), (21, 'DIS205'), (21, 'DIS206'), (21, 'DIS207'), (21, 'DIS208'), (21, 'DIS209'), (21, 'DIS210'), 
    (22, 'DIS211'), (22, 'DIS212'), (22, 'DIS213'), (22, 'DIS214'), (22, 'DIS215'), (22, 'DIS216'), (22, 'DIS217'), (22, 'DIS218'), (22, 'DIS219'), (22, 'DIS220'), 
    (23, 'DIS221'), (23, 'DIS222'), (23, 'DIS223'), (23, 'DIS224'), (23, 'DIS225'), (23, 'DIS226'), (23, 'DIS227'), (23, 'DIS228'), (23, 'DIS229'), (23, 'DIS230'), 
    (24, 'DIS231'), (24, 'DIS232'), (24, 'DIS233'), (24, 'DIS234'), (24, 'DIS235'), (24, 'DIS236'), (24, 'DIS237'), (24, 'DIS238'), (24, 'DIS239'), (24, 'DIS240'), 
    (25, 'DIS241'), (25, 'DIS242'), (25, 'DIS243'), (25, 'DIS244'), (25, 'DIS245'), (25, 'DIS246'), (25, 'DIS247'), (25, 'DIS248'), (25, 'DIS249'), (25, 'DIS250'), 
    (26, 'DIS251'), (26, 'DIS252'), (26, 'DIS253'), (26, 'DIS254'), (26, 'DIS255'), (26, 'DIS256'), (26, 'DIS257'), (26, 'DIS258'), (26, 'DIS259'), (26, 'DIS260'), 
    (27, 'DIS261'), (27, 'DIS262'), (27, 'DIS263'), (27, 'DIS264'), (27, 'DIS265'), (27, 'DIS266'), (27, 'DIS267'), (27, 'DIS268'), (27, 'DIS269'), (27, 'DIS270'), 
    (28, 'DIS271'), (28, 'DIS272'), (28, 'DIS273'), (28, 'DIS274'), (28, 'DIS275'), (28, 'DIS276'), (28, 'DIS277'), (28, 'DIS278'), (28, 'DIS279'), (28, 'DIS280'),  
    (29, 'DIS281'), (29, 'DIS282'), (29, 'DIS283'), (29, 'DIS284'), (29, 'DIS285'), (29, 'DIS286'), (29, 'DIS287'), (29, 'DIS288'), (29, 'DIS289'), (29, 'DIS290'), 
    (30, 'DIS291'), (30, 'DIS292'), (30, 'DIS293'), (30, 'DIS294'), (30, 'DIS295'), (30, 'DIS296'), (30, 'DIS297'), (30, 'DIS298'), (30, 'DIS299'), (30, 'DIS300');

CREATE TABLE leciona (
    codDis VARCHAR(6) NOT NULL,
    id INT NOT NULL,
    FOREIGN KEY (codDis) REFERENCES disciplina(codDis) ON UPDATE CASCADE ON DELETE CASCADE,
    FOREIGN KEY (id) REFERENCES professor(id) ON UPDATE CASCADE ON DELETE CASCADE,
    PRIMARY KEY (codDis, id)
) ENGINE=InnoDB DEFAULT CHARSET=latin1;

INSERT INTO leciona (id, codDis) VALUES
    (1, 'DIS001'), (1, 'DIS002'), (1, 'DIS003'), (1, 'DIS004'), (1, 'DIS005'), 
    (2, 'DIS006'), (2, 'DIS007'), (2, 'DIS008'), (2, 'DIS009'), (2, 'DIS010'),
    (3, 'DIS011'), (3, 'DIS012'), (3, 'DIS013'), (3, 'DIS014'), (3, 'DIS015'),
    (4, 'DIS016'), (4, 'DIS017'), (4, 'DIS018'), (4, 'DIS019'), (4, 'DIS020'),
    (5, 'DIS021'), (5, 'DIS022'), (5, 'DIS023'), (5, 'DIS024'), (5, 'DIS025'), 
    (6, 'DIS026'), (6, 'DIS027'), (6, 'DIS028'), (6, 'DIS029'), (6, 'DIS030'),
    (7, 'DIS031'), (7, 'DIS032'), (7, 'DIS033'), (7, 'DIS034'), (7, 'DIS035'),
    (8, 'DIS036'), (8, 'DIS037'), (8, 'DIS038'), (8, 'DIS039'), (8, 'DIS040'), 
    (9, 'DIS041'), (9, 'DIS042'), (9, 'DIS043'), (9, 'DIS044'), (9, 'DIS045'),
    (10, 'DIS046'), (10, 'DIS047'), (10, 'DIS048'), (10, 'DIS049'), (10, 'DIS050'),
    (11, 'DIS051'), (11, 'DIS052'), (11, 'DIS053'), (11, 'DIS054'), (11, 'DIS055'), 
    (12, 'DIS056'), (12, 'DIS057'), (12, 'DIS058'), (12, 'DIS059'), (12, 'DIS060'),
    (13, 'DIS061'), (13, 'DIS062'), (13, 'DIS063'), (13, 'DIS064'), (13, 'DIS065'),
    (14, 'DIS066'), (14, 'DIS067'), (14, 'DIS068'), (14, 'DIS069'), (14, 'DIS070'), 
    (15, 'DIS071'), (15, 'DIS072'), (15, 'DIS073'), (15, 'DIS074'), (15, 'DIS075'),
    (16, 'DIS076'), (16, 'DIS077'), (16, 'DIS078'), (16, 'DIS079'), (16, 'DIS080'),
    (17, 'DIS081'), (17, 'DIS082'), (17, 'DIS083'), (17, 'DIS084'), (17, 'DIS085'),
    (18, 'DIS086'), (18, 'DIS087'), (18, 'DIS088'), (18, 'DIS089'), (18, 'DIS090'), 
    (19, 'DIS091'), (19, 'DIS092'), (19, 'DIS093'), (19, 'DIS094'), (19, 'DIS095'),
    (20, 'DIS096'), (20, 'DIS097'), (20, 'DIS098'), (20, 'DIS099'), (20, 'DIS100'),
    (21, 'DIS101'), (21, 'DIS102'), (21, 'DIS103'), (21, 'DIS104'), (21, 'DIS105'),
    (22, 'DIS106'), (22, 'DIS107'), (22, 'DIS108'), (22, 'DIS109'), (22, 'DIS110'), 
    (23, 'DIS111'), (23, 'DIS112'), (23, 'DIS113'), (23, 'DIS114'), (23, 'DIS115'),
    (24, 'DIS116'), (24, 'DIS117'), (24, 'DIS118'), (24, 'DIS119'), (24, 'DIS120'),
    (25, 'DIS121'), (25, 'DIS122'), (25, 'DIS123'), (25, 'DIS124'), (25, 'DIS125'),
    (26, 'DIS126'), (26, 'DIS127'), (26, 'DIS128'), (26, 'DIS129'), (26, 'DIS130'),
    (27, 'DIS131'), (27, 'DIS132'), (27, 'DIS133'), (27, 'DIS134'), (27, 'DIS135'), 
    (28, 'DIS136'), (28, 'DIS137'), (28, 'DIS138'), (28, 'DIS139'), (28, 'DIS140'),
    (29, 'DIS141'), (29, 'DIS142'), (29, 'DIS143'), (29, 'DIS144'), (29, 'DIS145'),
    (30, 'DIS146'), (30, 'DIS147'), (30, 'DIS148'), (30, 'DIS149'), (30, 'DIS150'),
    (31, 'DIS151'), (31, 'DIS152'), (31, 'DIS153'), (31, 'DIS154'), (31, 'DIS155'),
    (32, 'DIS156'), (32, 'DIS157'), (32, 'DIS158'), (32, 'DIS159'), (32, 'DIS160'), 
    (33, 'DIS161'), (33, 'DIS162'), (33, 'DIS163'), (33, 'DIS164'), (33, 'DIS165'),
    (34, 'DIS166'), (34, 'DIS167'), (34, 'DIS168'), (34, 'DIS169'), (34, 'DIS170'),
    (35, 'DIS171'), (35, 'DIS172'), (35, 'DIS173'), (35, 'DIS174'), (35, 'DIS175'),
    (36, 'DIS176'), (36, 'DIS177'), (36, 'DIS178'), (36, 'DIS179'), (36, 'DIS180'),
    (37, 'DIS181'), (37, 'DIS182'), (37, 'DIS183'), (37, 'DIS184'), (37, 'DIS185'),
    (38, 'DIS186'), (38, 'DIS187'), (38, 'DIS188'), (38, 'DIS189'), (38, 'DIS190'), 
    (39, 'DIS191'), (39, 'DIS192'), (39, 'DIS193'), (39, 'DIS194'), (39, 'DIS195'),
    (40, 'DIS196'), (40, 'DIS197'), (40, 'DIS198'), (40, 'DIS199'), (40, 'DIS200'),
    (41, 'DIS201'), (41, 'DIS202'), (41, 'DIS203'), (41, 'DIS204'), (41, 'DIS205'),
    (42, 'DIS206'), (42, 'DIS207'), (42, 'DIS208'), (42, 'DIS209'), (42, 'DIS210'),
    (43, 'DIS211'), (43, 'DIS212'), (43, 'DIS213'), (43, 'DIS214'), (43, 'DIS215'), 
    (44, 'DIS216'), (44, 'DIS217'), (44, 'DIS218'), (44, 'DIS219'), (44, 'DIS220'),
    (45, 'DIS221'), (45, 'DIS222'), (45, 'DIS223'), (45, 'DIS224'), (45, 'DIS225'),
    (46, 'DIS226'), (46, 'DIS227'), (46, 'DIS228'), (46, 'DIS229'), (46, 'DIS230'),
    (47, 'DIS231'), (47, 'DIS232'), (47, 'DIS233'), (47, 'DIS234'), (47, 'DIS235'),
    (48, 'DIS236'), (48, 'DIS237'), (48, 'DIS238'), (48, 'DIS239'), (48, 'DIS240'), 
    (49, 'DIS241'), (49, 'DIS242'), (49, 'DIS243'), (49, 'DIS244'), (49, 'DIS245'),
    (50, 'DIS246'), (50, 'DIS247'), (50, 'DIS248'), (50, 'DIS249'), (50, 'DIS250'),
    (51, 'DIS251'), (51, 'DIS252'), (51, 'DIS253'), (51, 'DIS254'), (51, 'DIS255'),
    (52, 'DIS256'), (52, 'DIS257'), (52, 'DIS258'), (52, 'DIS259'), (52, 'DIS260'),
    (53, 'DIS261'), (53, 'DIS262'), (53, 'DIS263'), (53, 'DIS264'), (53, 'DIS265'), 
    (54, 'DIS266'), (54, 'DIS267'), (54, 'DIS268'), (54, 'DIS269'), (54, 'DIS270'),
    (55, 'DIS271'), (55, 'DIS272'), (55, 'DIS273'), (55, 'DIS274'), (55, 'DIS275'),
    (56, 'DIS276'), (56, 'DIS277'), (56, 'DIS278'), (56, 'DIS279'), (56, 'DIS280'),
    (57, 'DIS281'), (57, 'DIS282'), (57, 'DIS283'), (57, 'DIS284'), (57, 'DIS285'),
    (58, 'DIS286'), (58, 'DIS287'), (58, 'DIS288'), (58, 'DIS289'), (58, 'DIS290'), 
    (59, 'DIS291'), (59, 'DIS292'), (59, 'DIS293'), (59, 'DIS294'), (59, 'DIS295'),
    (60, 'DIS296'), (60, 'DIS297'), (60, 'DIS298'), (60, 'DIS299'), (60, 'DIS300');

CREATE TABLE aluno (
    id INT NOT NULL AUTO_INCREMENT,
    RA VARCHAR(13) NOT NULL UNIQUE,
    pNome VARCHAR(30) NOT NULL, 
    mNome VARCHAR(30) NOT NULL,
    uNome VARCHAR(30) NOT NULL, 
    dataNasc DATE NOT NULL,
    sexo VARCHAR(30) NOT NULL,
    endereco VARCHAR(50) NOT NULL,
    senha VARCHAR(50) NOT NULL,
    email VARCHAR(50) NOT NULL,
    telefone VARCHAR(30),
    codCurso INT,
    FOREIGN KEY (codCurso) REFERENCES curso(codCurso) ON UPDATE CASCADE ON DELETE CASCADE,
    PRIMARY KEY (id, RA) 
) ENGINE=InnoDB DEFAULT CHARSET=latin1;

INSERT INTO aluno (RA, pNome, mNome, uNome, dataNasc, sexo, endereco, email, senha, telefone, codCurso) VALUES 
    ('2018.1.01.01', 'João', 'da', 'Silva', '1998-01-01', 'masculino', 'Rua dos Alferes, 100', 'joao.silva@unizon.com', '1234', '111-111-111', 1),
    ('2018.1.01.02', 'Maria', '', 'Santos', '1999-02-02', 'feminino', 'Rua das Flores, 200', 'maria.santos@unizon.com', '1234', '227-222-222', 1),
    ('2018.1.01.03', 'João', 'Silva', 'dos Santos', '1998-01-01', 'masculino', 'Rua ABC, 123', 'joao.santos@unizon.com', '1234', '119-134-678', 1),
    ('2018.1.01.04', 'Maria', 'Souza', 'Ferreira', '1999-02-01', 'feminino', 'Rua DEF, 456', 'maria.ferreira@unizon.com', '1234', '221-235-789', 1),
    ('2018.1.01.05', 'José', 'Martins', 'Almeida', '1997-03-01', 'masculino', 'Rua GHI, 789', 'jose.almeida@unizon.com', '1234', '332-345-689', 1),

    ('2019.1.02.01', 'Rita', 'Martins', 'Rodrigues', '1992-02-01', 'feminino', 'Rua nop, 456', 'rita.rodrigues@unizon.com', '1234', '322-345-789', 2),
    ('2019.1.02.02', 'Gustavo', 'Almeida', 'Santos', '2006-03-01', 'masculino', 'Rua qrs, 789', 'gustavo.santos@unizon.com', '1234', '420-345-789', 2),
    ('2019.1.02.03', 'Ana', 'Castro', 'Gomes', '2007-04-01', 'feminino', 'Rua tum, 123', 'ana.gomes@unizon.com', '1234', '521-235-789', 2),
    ('2019.1.02.04', 'Lucas', 'Ramirez', 'Ribeiro', '1991-05-01', 'masculino', 'Rua vwx, 456', 'lucas.ribeiro@unizon.com', '1234', '622-345-789', 2),
    ('2019.1.02.05', 'Marina', 'Sousa', 'Moreira', '2008-06-01', 'feminino', 'Rua yza, 789', 'marina.moreira@unizon.com', '1234', '723-111-789', 2),
    
    ('2020.1.03.01', 'Gabriel', 'Silva', 'Oliveira', '1984-10-01', 'masculino', 'Rua tum, 789', 'gabriel.oliveira@unizon.com', '1234', '332-300-789', 3),
    ('2020.1.03.02', 'Ricardo', 'Martins', 'Alves', '2018-11-01', 'masculino', 'Rua vwx, 123', 'ricardo.alves@unizon.com', '1234', '431-111-609', 3),
    ('2020.1.03.03', 'Isabela', 'Ferreira', 'Garcia', '1998-05-11', 'feminino', 'Rua ABC, 123', 'isabela.garcia@unizon.com', '1234', '010-045-789', 3),
    ('2020.1.03.04', 'Rafael', 'Costa', 'Carvalho', '2000-06-12', 'masculino', 'Rua DEF, 456', 'rafael.carvalho@unizon.com', '1234', '119-999-789', 3),
    ('2020.1.03.05', 'Juliana', 'Silva', 'Santos', '1997-07-13', 'feminino', 'Rua GHI, 789', 'juliana.santos@unizon.com', '1234', '212-305-089', 3),

    ('2021.1.04.01', 'Rafael', 'Thomas', 'Barros', '1982-11-29', 'masculino', 'Rua CDE, 123', 'rafael.barros@unizon.com', '1234', '181-134-678', 4),
    ('2021.1.04.02', 'Ana', 'Moore', 'Borges', '1981-12-30', 'feminino', 'Rua FGH, 456', 'ana.borges@unizon.com', '1234', '199-144-568', 4),
    ('2021.1.04.03', 'Carlos', 'Martin', 'Costa', '1995-01-26', 'masculino', 'Rua IJK, 123', 'carlos.costa@unizon.com', '1234', '202-154-678', 4),
    ('2021.1.04.04', 'Andreia', 'Davis', 'Cunha', '1994-02-27', 'feminino', 'Rua LMN, 456', 'andreia.cunha@unizon.com', '1234', '219-149-568', 4),
    ('2021.1.04.05', 'Vinicius', 'Miller', 'Dias', '1993-03-28', 'masculino', 'Rua PQR, 789', 'vinicius.dias@unizon.com', '1234', '229-034-508', 4),

    ('2021.1.05.01', 'Isabela', 'Moore', 'Gomes', '1981-08-15', 'feminino', 'Rua MNO, 123', 'isabela.gomes@unizon.com', '1234', '399-123-567', 5),
    ('2021.1.05.02', 'Lucas', 'Anderson', 'Costa', '1980-09-16', 'masculino', 'Rua PQR, 456', 'lucas.costa@unizon.com', '1234', '300-234-678', 5),
    ('2021.1.05.03', 'Larissa', 'Thomas', 'Silva', '1979-10-17', 'feminino', 'Rua STU, 789', 'larissa.silva@unizon.com', '1234', '311-234-657', 5),
    ('2021.1.05.04', 'Rafael', 'Jackson', 'Santos', '1978-11-18', 'masculino', 'Rua VWX, 123', 'rafael.santos@unizon.com', '1234', '321-234-568', 5),
    ('2021.1.05.05', 'Eduardo', 'White', 'Oliveira', '1977-12-19', 'masculino', 'Rua YZA, 456', 'eduardo.oliveira@unizon.com', '1234', '331-777-568', 5),

    ('2017.1.06.01', 'João', 'da', 'Silva', '2000-01-01', 'masculino', 'Rua A, 123', 'joao.silva@unizon.com', '1234', '111-101-111', 6),
    ('2017.1.06.02', 'Maria', 'de', 'Souza', '2001-02-02', 'feminino', 'Rua B, 456', 'maria.souza@unizon.com', '1234', '222-202-222', 6),
    ('2017.1.06.03', 'Pedro', 'Oliveira', 'Santos', '2002-03-03', 'masculino', 'Rua C, 789', 'pedro.oliveira@unizon.com', '1234', '333-303-333', 6),
    ('2017.1.06.04', 'Ana', 'Luiza', 'Pereira', '2003-04-04', 'feminino', 'Rua D, 012', 'ana.pereira@unizon.com', '1234', '444-044-444', 6),
    ('2017.1.06.05', 'Fernando', 'Almeida', 'Costa', '2004-05-05', 'masculino', 'Rua E, 345', 'fernando.almeida@unizon.com', '1234', '555-505-555', 6),

    ('2019.1.07.01', 'Cristina', 'Pereira', 'Silva', '2002-03-15', 'feminino', 'Rua X, 111', 'cristina.silva@unizon.com', '1234', '110-011-111', 7),
    ('2019.1.07.02', 'Renato', 'Gomes', 'Oliveira', '2003-04-16', 'masculino', 'Rua Y, 222', 'renato.oliveira@unizon.com', '1234', '220-022-222', 7),
    ('2019.1.07.03', 'Ana', 'Ferreira', 'Santos', '2004-05-17', 'feminino', 'Rua Z, 333', 'ana.santos@unizon.com', '1234', '330-303-333', 7),
    ('2019.1.07.04', 'Felipe', 'Oliveira', 'Almeida', '2005-06-18', 'masculino', 'Rua A1, 444', 'felipe.almeida@unizon.com', '1234', '444-440-444', 7),
    ('2019.1.07.05', 'Larissa', 'Santos', 'Lima', '2006-07-19', 'feminino', 'Rua B1, 555', 'larissa.lima@unizon.com', '1234', '555-055-555', 7),

    ('2020.1.08.01', 'José', 'Silva', 'Ferreira', '2002-11-20', 'masculino', 'Rua R1, 111', 'jose.ferreira@unizon.com', '1234', '114-321-111', 8),
    ('2020.1.08.02', 'Renato', 'Pereira', 'Costa', '2002-09-09', 'masculino', 'Rua A1, 190', 'renato.pereira@unizon.com', '1234', '119-875-339', 8),
    ('2020.1.08.03', 'Maria', 'Souza', 'Silva', '2002-02-15', 'feminino', 'Rua I, 10', 'maria.souza@unizon.com', '1234', '198-765-321', 8),
    ('2020.1.08.04', 'Gabriel', 'Alves', 'Silva', '2002-03-20', 'masculino', 'Rua J, 20', 'gabriel.alves@unizon.com', '1234', '198-765-322', 8),
    ('2020.1.08.05', 'Aline', 'Gomes', 'Oliveira', '2002-04-25', 'feminino', 'Rua K, 30', 'aline.gomes@unizon.com', '1234', '119-765-323', 8),

    ('2022.1.09.01', 'Camila', 'Santos', 'Almeida', '2002-10-10', 'feminino', 'Rua B1, 200', 'camila.santos@unizon.com', '1234', '119-865-340', 9),
    ('2022.1.09.02', 'Beatriz', 'Santos', 'Fernandes', '2003-05-15', 'feminino', 'Rua I, 101', 'beatriz.fernandes@unizon.com', '1234', '111-111-000', 9),
    ('2022.1.09.03', 'Pedro', 'Oliveira', 'Silva', '2002-07-20', 'masculino', 'Rua J, 102', 'pedro.silva@unizon.com', '1234', '222-202-202', 9),
    ('2022.1.09.04', 'Amanda', 'Souza', 'Santos', '2003-09-01', 'feminino', 'Rua K, 103', 'amanda.santos@unizon.com', '1234', '333-933-333', 9),
    ('2022.1.09.05', 'Lucas', 'Rodrigues', 'Almeida', '2002-02-23', 'masculino', 'Rua L, 104', 'lucas.almeida@unizon.com', '1234', '444-004-4444', 9),

    ('2023.1.10.01', 'Mariana', 'Pereira', 'Carvalho', '2002-06-02', 'feminino', 'Rua O2, 210', 'mariana.carvalho@unizon.com', '1234', '111-166-131', 10),
    ('2023.1.10.02', 'Vitor', 'Silva', 'Nunes', '2001-08-25', 'masculino', 'Rua P2, 220', 'vitor.nunes@unizon.com', '1234', '111-101-711', 10),
    ('2023.1.10.03', 'Julia', 'Moura', 'Rodrigues', '2002-04-17', 'feminino', 'Rua Q2, 230', 'julia.rodrigues@unizon.com', '1234', '115-191-011', 10),
    ('2023.1.10.04', 'Thiago', 'Fernandes', 'Costa', '2002-02-10', 'masculino', 'Rua R2, 240', 'thiago.costa@unizon.com', '1234', '113-111-011', 10),
    ('2023.1.10.05', 'Letícia', 'Santos', 'Alves', '2002-05-27', 'feminino', 'Rua S2, 250', 'leticia.alves@unizon.com', '1234', '112-121-211', 10),

    ('2023.1.11.01', 'Lidia', 'Pontes', 'Cruz', '1990-04-01', 'masculino', 'Rua I, 951', 'Lidia.P.Cruz@unizon.com', '1234', '444-774-444', 11),
    ('2023.1.11.02', 'Melias', 'Jorge', 'Peter', '1995-08-02', 'masculino', 'Rua I, 753', 'Melias.JorgeP@unizon.com', '1234', '444-404-644', 11),
    ('2023.1.11.03', 'Lurdes', 'Salm', 'Heva', '1997-07-05', 'masculino', 'Rua I, 434', 'LurdesS.Heva@unizon.com', '1234', '444-404-744', 11),
    ('2023.1.11.04', 'Felipe', 'Gomes', 'Fernandes', '2002-08-05', 'masculino', 'Rua I, 444', 'felipefernandes@unizon.com', '1234', '446-424-744', 11),
    ('2023.1.11.05', 'Lucas', 'Santos', 'Araujo', '2001-06-02', 'masculino', 'Rua J, 555', 'lucas.araujo@unizon.com', '1234', '555-545-555', 11),

    ('2020.1.12.01', 'John', 'masculino', 'Doe', '2000-01-01', 'masculino', '123 Main St', 'johndoe@unizon.com', '1234', '569-665-555', 12),
    ('2020.1.12.02', 'Jane', 'K', 'Doe', '2000-02-02', 'feminino', '456 Main St', 'janedoe@unizon.com', '1234', '555-555-556', 12),
    ('2020.1.12.03', 'Jim', 'A', 'Smith', '2000-03-03', 'masculino', '789 Main St', 'jimsmith@unizon.com', '1234', '555-555-557', 12),
    ('2020.1.12.04', 'Sara', 'B', 'Johnson', '2000-04-04', 'feminino', '111 Main St', 'sarajohnson@unizon.com', '1234', '555-555-558', 12),
    ('2020.1.12.05', 'Robert', 'C', 'Williams', '2000-05-05', 'masculino', '222 Main St', 'robertwilliams@unizon.com', '1234', '545-555-559', 12),

    ('2022.1.13.01', 'Lucas', 'Pereira', 'Santos', '2003-03-01', 'masculino', 'Rua I3, 43', 'lucas.santos@unizon.com', '1234', '119-876-5421', 13),
    ('2022.1.13.02', 'Juliana', 'Oliveira', 'Lima', '2001-05-25', 'feminino', 'Rua N, 129', 'juliana.lima@unizon.com', '1234', '119-123-4678', 13),
    ('2022.1.13.03', 'Gabriel', 'Sousa', 'Costa', '2004-12-07', 'masculino', 'Rua B5, 31', 'gabriel.costa@unizon.com', '1234', '119-986-3214', 13),
    ('2022.1.13.04', 'Amanda', 'Silva', 'Souza', '2002-07-18', 'feminino', 'Rua O, 92', 'amanda.souza@unizon.com', '1234', '119-999-999', 13),
    ('2022.1.13.05', 'Bruno', 'Moraes', 'Fernandes', '2003-11-22', 'masculino', 'Rua R3, 67', 'bruno.fernandes@unizon.com', '1234', '119-876-514', 13),

    ('2019.1.14.01', 'Emily', 'D', 'Jones', '2000-06-06', 'feminino', '333 Main St', 'emilyjones@unizon.com', '1234', '555-555-556', 14),
    ('2019.1.14.02', 'William', 'E', 'Brown', '2000-07-07', 'masculino', '444 Main St', 'williambrown@unizon.com', '1234', '555-555-561', 14),
    ('2019.1.14.03', 'Michael', 'feminino', 'Davis', '2000-08-08', 'masculino', '555 Main St', 'michaeldavis@unizon.com', '1234', '555-555-562', 14),
    ('2019.1.14.04', 'Elizabeth', 'G', 'Miller', '2000-09-09', 'feminino', '666 Main St', 'elizabethmiller@unizon.com', '1234', '555-555-563', 14),
    ('2019.1.14.05', 'Matthew', 'H', 'Wilson', '2000-10-10', 'masculino', '777 Main St', 'matthewwilson@unizon.com', '1234', '555-555-556', 14),

    ('2018.1.15.01', 'Rafael', 'Silva', 'Santos', '2002-06-15', 'masculino', 'Rua I, 152', 'rafael.santos@unizon.com', '1234', '111-111-111', 15),
    ('2018.1.15.02', 'Bruna', 'Gonçalves', 'Oliveira', '2003-07-12', 'feminino', 'Rua J, 125', 'bruna.oliveira@unizon.com', '1234', '222-222-222', 15),
    ('2018.1.15.03', 'Larissa', 'Souza', 'Fernandes', '2002-04-23', 'feminino', 'Rua K, 232', 'larissa.fernandes@unizon.com', '1234', '333-331-323', 15),
    ('2018.1.15.04', 'Pedro', 'Moraes', 'Santana', '2003-03-28', 'masculino', 'Rua L, 183', 'pedro.santana@unizon.com', '1234', '444-444-444', 15),
    ('2018.1.15.05', 'Mariana', 'Vieira', 'Barbosa', '2002-02-08', 'feminino', 'Rua M, 110', 'mariana.barbosa@unizon.com', '1234', '555-555-555', 15),

    ('2017.1.16.01', 'Alina', 'Kozlova', 'Guseva', '2002-11-22', 'feminino', 'Rua Piedade, 321', 'kozlova.alina@unizon.com', '1234', '125-357-505', 16),
    ('2017.1.16.02', 'Artem', 'Morozov', 'Romanov', '2001-08-12', 'masculino', 'Rua Luz, 91', 'morozov.artem@unizon.com', '1234', '654-666-789', 16),
    ('2017.1.16.03', 'Yulia', 'Belova', 'Dmitrieva', '2002-04-03', 'feminino', 'Rua Diante Deles, 61', 'belova.yulia@unizon.com', '1234', '777-777-737', 16),
    ('2017.1.16.04', 'Mikhail', 'Fomin', 'Sidorov', '2001-12-27', 'masculino', 'Rua Marginal, 121', 'fomin.mikhail@unizon.com', '1234', '147-114-880', 16),
    ('2017.1.16.05', 'Ksenia', 'Golubeva', 'Makarova', '2002-07-19', 'feminino', 'Rua Sal Grosso, 1021', 'golubeva.ksenia@unizon.com', '1234', '857-153-979', 16),

    ('2021.1.17.01', 'Oliver', 'Smith', 'Parker', '2003-03-05', 'masculino', '123 Main St', 'oliver.smith@unizon.com', '1234', '555-123-784', 17),
    ('2021.1.17.02', 'Sophia', 'Johnson', 'Clark', '2002-12-20', 'feminino', '456 Oak Ave', 'sophia.johnson@unizon.com', '1234', '555-567-800', 17),
    ('2021.1.17.03', 'William', 'Williams', 'Robinson', '2001-08-15', 'masculino', '789 Elm St', 'william.williams@unizon.com', '1234', '555-901-142', 17),
    ('2021.1.17.04', 'Isabella', 'Jones', 'Walker', '2001-05-01', 'feminino', '234 Pine Rd', 'isabella.jones@unizon.com', '1234', '555-346-142', 17),
    ('2021.1.17.05', 'James', 'Brown', 'Peterson', '2003-09-08', 'masculino', '567 Maple Ave', 'james.brown@unizon.com', '1234', '555-789-085', 17),

    ('2022.1.18.01', 'Anton', 'Fedorov', 'Morozov', '2002-08-24', 'masculino', 'Rua F1, 666', 'anton.morozov@unizon.com', '1234', '999-949-999', 18),
    ('2022.1.18.02', 'Olga', 'Makarova', 'Fedotova', '2003-05-06', 'feminino', 'Rua G1, 777', 'olga.fedotova@unizon.com', '1234', '101-110-120', 18),
    ('2022.1.18.03', 'Lucas', 'Santos', 'Silva', '2002-05-20', 'masculino', 'Rua F3, 333', 'lucas.silva@unizon.com', '1234', '333-333-323', 18),
    ('2022.1.18.04', 'Breno', 'Sousa', 'Lima', '2001-09-03', 'masculino', 'Rua F4, 444', 'breno.lima@unizon.com', '1234', '444-4444-444', 18),
    ('2022.1.18.05', 'Vitória', 'Barbosa', 'Lima', '2003-02-10', 'feminino', 'Rua F5, 555', 'vitoria.lima@unizon.com', '1234', '555-551-555', 18),

    ('2019.1.19.01', 'Maria', 'Golubeva', 'Ponomareva', '2003-12-14', 'feminino', 'Rua H, 90', 'maria.ponomareva@unizon.com', '1234', '777-147-777', 19),
    ('2019.1.19.02', 'Artem', 'Kudryavtsev', 'Savin', '2004-01-08', 'masculino', 'Rua I, 12', 'artem.savin@unizon.com', '1234', '881-818-888', 19),
    ('2019.1.19.03', 'Polina', 'Vinogradova', 'Mironova', '2003-04-17', 'feminino', 'Rua J, 345', 'polina.mironova@unizon.com', '1234', '999-999-949', 19),
    ('2019.1.19.04', 'Dmitry', 'Bogdanov', 'Titov', '2004-08-21', 'masculino', 'Rua K, 56', 'dmitry.titov@unizon.com', '1234', '101-010-110', 19),
    ('2019.1.19.05', 'Ekaterina', 'Krylova', 'Smirnova', '2004-03-29', 'feminino', 'Rua L, 789', 'ekaterina.smirnova@unizon.com', '1234', '121-211-212', 19),

    ('2019.1.20.01', 'Lucas', 'Santos', 'Silva', '1998-05-20', 'masculino', 'Rua X1, 111', 'lucas.silva@unizon.com', '1234', '111-875-159', 20),
    ('2019.1.20.02', 'Mariana', 'Fernandes', 'Ribeiro', '1999-02-15', 'feminino', 'Rua Y2, 222', 'mariana.ribeiro@unizon.com', '1234', '222-987-252', 20),
    ('2019.1.20.03', 'Rafael', 'Almeida', 'Nunes', '1998-09-23', 'masculino', 'Rua Z3, 333', 'rafael.nunes@unizon.com', '1234', '333-157-353', 20),
    ('2019.1.20.04', 'Amanda', 'Rodrigues', 'Costa', '2000-04-10', 'feminino', 'Rua W4, 444', 'amanda.costa@unizon.com', '1234', '444-444-231', 20),
    ('2019.1.20.05', 'Pedro', 'Carvalho', 'Lima', '1999-12-01', 'masculino', 'Rua V5, 555', 'pedro.lima@unizon.com', '1234', '555-555-150', 20),

    ('2020.1.21.01', 'Lucas', 'Silva', 'Ferreira', '2000-01-01', 'masculino', 'Rua A1, 111', 'lucas.ferreira@unizon.com', '1234', '111-111-000', 21),
    ('2020.1.21.02', 'Amanda', 'Souza', 'Oliveira', '2000-02-02', 'feminino', 'Rua A2, 222', 'amanda.oliveira@unizon.com', '1234', '222-222-147', 21),
    ('2020.1.21.03', 'Gustavo', 'Lima', 'Pereira', '2000-03-03', 'masculino', 'Rua A3, 333', 'gustavo.pereira@unizon.com', '1234', '333-333-222', 21),
    ('2020.1.21.04', 'Carla', 'Santos', 'Silva', '2000-04-04', 'feminino', 'Rua A4, 444', 'carla.silva@unizon.com', '1234', '444-444-333', 21),
    ('2020.1.21.05', 'Pedro', 'Gomes', 'Almeida', '2000-05-05', 'masculino', 'Rua A5, 555', 'pedro.almeida@unizon.com', '1234', '555-555-787', 21),

    ('2019.1.22.01', 'John', 'Doe', 'Smith', '1990-01-01', 'masculino', '123 Main Street', 'john.doe@unizon.com', '1234', '123-345-417', 22),
    ('2019.1.22.02', 'Jane', 'Doe', 'Smith', '1992-03-03', 'feminino', '456 Market Road', 'jane.doe@unizon.com', '1234', '203-456-111', 22),
    ('2019.1.22.03', 'Jim', 'Johnson', 'Smith', '1994-05-05', 'masculino', '789 Market Road', 'jim.johnson@unizon.com', '1234', '345-678-902', 22),
    ('2019.1.22.04', 'Emily', 'Brown', 'Jones', '1996-07-07', 'feminino', '246 Market Road', 'emily.brown@unizon.com', '1234', '456-378-114', 22),
    ('2019.1.22.05', 'Michael', 'Davis', 'Johnson', '1998-09-09', 'masculino', '369 Main Street', 'michael.davis@unizon.com', '1234', '567-890-134', 22),

    ('2019.1.23.01', 'Maria', 'Aparecida', 'Santos', '2003-03-10', 'feminino', 'Rua das Flores, 123', 'maria.santos@unizon.com', '1234', '123-114-568', 23),
    ('2019.1.23.02', 'Lucas', 'Ferreira', 'Oliveira', '2004-05-15', 'masculino', 'Av. Brasil, 456', 'lucas.ferreira@unizon.com', '1234', '345-669-789', 23),
    ('2019.1.23.03', 'Amanda', 'Lima', 'Silva', '2002-07-20', 'feminino', 'Rua das Árvores, 789', 'amanda.lima@unizon.com', '1234', '346-789-580', 23),
    ('2019.1.23.04', 'Rafael', 'Carvalho', 'Mendes', '2003-09-25', 'masculino', 'Av. Paulista, 1010', 'rafael.carvalho@unizon.com', '1234', '467-890-781', 23),
    ('2019.1.23.05', 'Mariana', 'Pereira', 'Costa', '2004-11-30', 'feminino', 'Rua do Sol, 111', 'mariana.pereira@unizon.com', '1234', '568-901-782', 23),

    ('2022.1.24.01', 'Olivia', 'Jones', 'Smith', '2002-05-15', 'feminino', '111 Market Road', 'olivia.jones@unizon.com', '1234', '567-890-135', 24),
    ('2022.1.24.02', 'Liam', 'Smith', 'Johnson', '2000-01-13', 'masculino', '222 Market Road', 'liam.smith@unizon.com', '1234', '678-901-245', 24),
    ('2022.1.24.03', 'Aria', 'Brown', 'Smith', '1998-09-11', 'feminino', '333 Market Road', 'aria.brown@unizon.com', '1234', '789-012-356', 24),
    ('2022.1.24.04', 'Noah', 'Johnson', 'Brown', '1996-03-09', 'masculino', '444 Market Road', 'noah.johnson@unizon.com', '1234', '890-123-467', 24),
    ('2022.1.24.05', 'Ella', 'Williams', 'Johnson', '2000-05-15', 'feminino', '555 Market Road', 'ella.williams@unizon.com', '1234', '567-890-135', 24),

    ('2019.1.25.01', 'Carla', 'Santos', 'Silva', '1998-03-05', 'feminino', 'Rua das Flores, 123', 'carla.santos@unizon.com', '1234', '987-645-421', 25),
    ('2019.1.25.02', 'Rafael', 'Fernandes', 'Oliveira', '2000-05-10', 'masculino', 'Av. do Sol, 456', 'rafael.fernandes@unizon.com', '1234', '99876-5432', 25),
    ('2019.1.25.03', 'Camila', 'Almeida', 'Pereira', '1997-02-12', 'feminino', 'Rua dos Anjos, 789', 'camila.almeida@unizon.com', '1234', '875-987-886', 25),
    ('2019.1.25.04', 'Vitor', 'Mendes', 'Ribeiro', '1999-08-15', 'masculino', 'Rua do Sol, 1010', 'vitor.mendes@unizon.com', '1234', '976-098-657', 25),
    ('2019.1.25.05', 'Mariana', 'Ferreira', 'Pires', '2001-01-18', 'feminino', 'Rua da Paz, 222', 'mariana.ferreira@unizon.com', '1234', '765-111-511', 25),

    ('2018.1.26.01', 'João', 'Silva', 'Santos', '1999-05-20', 'masculino', 'Rua A, 123', 'joao.silva@unizon.com', '1234', '119-876-543', 26),
    ('2018.1.26.02', 'Maria', 'Oliveira', 'Souza', '2000-08-12', 'feminino', 'Rua B, 456', 'maria.oliveira@unizon.com', '1234', '119-876-522', 26),
    ('2018.1.26.03', 'Pedro', 'Rodrigues', 'Costa', '2001-01-03', 'masculino', 'Rua C, 789', 'pedro.rodrigues@unizon.com', '1234', '119-876-523', 26),
    ('2018.1.26.04', 'Ana', 'Pereira', 'Fernandes', '1998-11-10', 'feminino', 'Rua D, 321', 'ana.pereira@unizon.com', '1234', '119-876-544', 26),
    ('2018.1.26.05', 'Lucas', 'Almeida', 'Gomes', '1999-07-27', 'masculino', 'Rua E, 654', 'lucas.almeida@unizon.com', '1234', '119-876-525', 26),

    ('2023.1.27.01', 'Sophia', 'Silva', 'Pereira', '2005-02-12', 'feminino', 'Rua das Flores, 123', 'sophia.silva@unizon.com', '1234', '578-999-874', 27),
    ('2023.1.27.02', 'Enzo', 'Cunha', 'Oliveira', '2005-06-25', 'masculino', 'Rua das Árvores, 456', 'enzo.cunha@unizon.com', '1234', '412-999-659', 27),
    ('2023.1.27.03', 'Valentina', 'Santos', 'Nascimento', '2004-08-08', 'feminino', 'Rua das Flores, 789', 'valentina.santos@unizon.com', '1234', '573-999-229', 27),
    ('2023.1.27.04', 'João', 'Castro', 'Alves', '2005-12-02', 'masculino', 'Rua das Pedras, 234', 'joao.castro@unizon.com', '1234', '673-999-149', 27),
    ('2023.1.27.05', 'Larissa', 'Lima', 'Ferreira', '2005-04-10', 'feminino', 'Rua das Flores, 567', 'larissa.lima@unizon.com', '1234', '687-999-914', 27),

    ('2022.1.28.01', 'Mason', 'Davis', 'Smith', '2000-05-15', 'masculino', '112 Market Road', 'mason.davis@unizon.com', '1234', '567-890-125', 28),
    ('2022.1.28.02', 'Emma', 'Johnson', 'Brown', '1998-01-13', 'feminino', '223 Market Road', 'emma.johnson@unizon.com', '1234', '678-901-245', 28),
    ('2022.1.28.03', 'Noah', 'Brown', 'Johnson', '1996-09-11', 'masculino', '334 Market Road', 'noah.brown@unizon.com', '1234', '789-012-346', 28),
    ('2022.1.28.04', 'Isabella', 'Jones', 'Williams', '2002-03-09', 'feminino', '445 Market Road', 'isabella.jones@unizon.com', '1234', '890-123-467', 28),
    ('2022.1.28.05', 'Lucas', 'Williams', 'Jones', '2000-05-15', 'masculino', '556 Market Road', 'lucas.williams@unizon.com', '1234', '567-890-135', 28),

    ('2020.1.29.01', 'João', 'da Silva', 'Santos', '2002-06-15', 'masculino', 'Rua A, 123', 'joao.santos@unizon.com', '1234', '999-111-010', 29),
    ('2020.1.29.02', 'Pedro', 'Mendes', 'Oliveira', '2001-01-30', 'masculino', 'Rua B, 456', 'pedro.oliveira@unizon.com', '1234', '999-222-142', 29),
    ('2020.1.29.03', 'Camila', 'Alves', 'Souza', '1999-09-01', 'feminino', 'Rua C, 789', 'camila.souza@unizon.com', '1234', '999-333-413', 29),
    ('2020.1.29.04', 'Isabela', 'Silveira', 'Santana', '2003-03-20', 'feminino', 'Rua D, 321', 'isabela.santana@unizon.com', '1234', '999-444-114', 29),
    ('2020.1.29.05', 'Lucas', 'Costa', 'Oliveira', '2000-05-12', 'masculino', 'Rua E, 654', 'lucas.oliveira@unizon.com', '1234', '999-555-000', 29),

    ('2022.1.30.01', 'Aaliyah', 'Brown', 'Williams', '2000-05-15', 'feminino', '112 Market Road', 'aaliyah.brown@unizon.com', '1234', '567-890-235', 30),
    ('2022.1.30.02', 'Jayden', 'Jones', 'Smith', '1998-01-13', 'masculino', '223 Market Road', 'jayden.jones@unizon.com', '1234', '678-901-245', 30),
    ('2022.1.30.03', 'Mila', 'Smith', 'Johnson', '1996-09-11', 'feminino', '334 Market Road', 'mila.smith@unizon.com', '1234', '789-012-346', 30),
    ('2022.1.30.04', 'Liam', 'Johnson', 'Brown', '2002-03-09', 'masculino', '445 Market Road', 'liam.johnson@unizon.com', '1234', '890-123-457', 30),
    ('2022.1.30.05', 'Ella', 'Brown', 'Jones', '2000-05-15', 'feminino', '556 Market Road', 'ella.brown@unizon.com', '1234', '567-890-135', 30);

CREATE TABLE matricula (
    codDis VARCHAR(6) NOT NULL, 
    RA VARCHAR(13) NOT NULL,
    nota FLOAT,
    FOREIGN KEY (codDis) REFERENCES disciplina(codDis) ON UPDATE CASCADE ON DELETE CASCADE, 
    FOREIGN KEY (RA) REFERENCES aluno(RA) ON UPDATE CASCADE ON DELETE CASCADE,
    PRIMARY KEY (codDis, RA)
) ENGINE=InnoDB DEFAULT CHARSET=latin1;

INSERT INTO matricula (codDis, RA, nota) VALUES 
    ('DIS001', '2018.1.01.01', '7.8'), ('DIS002', '2018.1.01.01', '8.7'), ('DIS003', '2018.1.01.01', '2.6'), ('DIS004', '2018.1.01.01', '10.0'), ('DIS005', '2018.1.01.01', '8.0'),
    ('DIS001', '2018.1.01.02', '8.7'), ('DIS006', '2018.1.01.02', '9.0'), ('DIS008', '2018.1.01.02', '9.6'), ('DIS007', '2018.1.01.02', '2.3'), ('DIS010', '2018.1.01.02', '10.0'),
    ('DIS001', '2018.1.01.03', '6.6'), ('DIS002', '2018.1.01.03', '6.7'), ('DIS003', '2018.1.01.03', '6.6'), ('DIS004', '2018.1.01.03', '6.7'), ('DIS005', '2018.1.01.03', '9.0'), 
    ('DIS002', '2018.1.01.04', '3.0'), ('DIS006', '2018.1.01.04', '7.7'), ('DIS003', '2018.1.01.04', '8.4'), ('DIS004', '2018.1.01.04', '7.4'), ('DIS005', '2018.1.01.04', '8.4'), 
    ('DIS010', '2018.1.01.05', '6.6'), ('DIS002', '2018.1.01.05', '5.6'), ('DIS008', '2018.1.01.05', '7.8'), ('DIS009', '2018.1.01.05', '9.4'), ('DIS005', '2018.1.01.05', '8.6'),

    ('DIS011', '2019.1.02.01', '7.9'), ('DIS012', '2019.1.02.01', '0.0'), ('DIS013', '2019.1.02.01', '6.6'), ('DIS014', '2019.1.02.01', '5.8'), ('DIS015', '2019.1.02.01', '3.8'),
    ('DIS016', '2019.1.02.02', '7.8'), ('DIS017', '2019.1.02.02', '2.0'), ('DIS018', '2019.1.02.02', '9.5'), ('DIS019', '2019.1.02.02', '6.5'), ('DIS020', '2019.1.02.02', '8.7'),
    ('DIS011', '2019.1.02.03', '8.3'), ('DIS012', '2019.1.02.03', '0.7'), ('DIS013', '2019.1.02.03', '7.0'), ('DIS014', '2019.1.02.03', '8.8'), ('DIS015', '2019.1.02.03', '9.0'), 
    ('DIS012', '2019.1.02.04', '1.8'), ('DIS016', '2019.1.02.04', '1.7'), ('DIS013', '2019.1.02.04', '2.4'), ('DIS014', '2019.1.02.04', '9.8'), ('DIS020', '2019.1.02.04', '7.2'), 
    ('DIS014', '2019.1.02.05', '7.0'), ('DIS018', '2019.1.02.05', '2.1'), ('DIS013', '2019.1.02.05', '5.5'), ('DIS019', '2019.1.02.05', '6.9'), ('DIS020', '2019.1.02.05', '6.8'),

    ('DIS021', '2020.1.03.01', '5.9'), ('DIS022', '2020.1.03.01', '10.0'), ('DIS023', '2020.1.03.01', '6.6'), ('DIS024', '2020.1.03.01', '0.8'), ('DIS025', '2020.1.03.01', '6.2'),
    ('DIS026', '2020.1.03.02', '9.3'), ('DIS027', '2020.1.03.02', '8.4'), ('DIS028', '2020.1.03.02', '8.6'), ('DIS029', '2020.1.03.02', '7.5'), ('DIS030', '2020.1.03.02', '5.3'),
    ('DIS022', '2020.1.03.03', '10.0'), ('DIS023', '2020.1.03.03', '9.6'), ('DIS025', '2020.1.03.03', '7.6'), ('DIS030', '2020.1.03.03', '8.3'), ('DIS029', '2020.1.03.03', '3.9'), 
    ('DIS021', '2020.1.03.04', '8.9'), ('DIS030', '2020.1.03.04', '6.0'), ('DIS022', '2020.1.03.04', '5.4'), ('DIS028', '2020.1.03.04', '4.8'), ('DIS024', '2020.1.03.04', '9.4'), 
    ('DIS030', '2020.1.03.05', '5.7'), ('DIS025', '2020.1.03.05', '7.6'), ('DIS023', '2020.1.03.05', '3.8'), ('DIS024', '2020.1.03.05', '7.9'), ('DIS029', '2020.1.03.05', '2.6'),

    ('DIS031', '2021.1.04.01', '8.7'), ('DIS032', '2021.1.04.01', '6.7'), ('DIS033', '2021.1.04.01', '1.9'), ('DIS034', '2021.1.04.01', '7.2'), ('DIS035', '2021.1.04.01', '6.2'),
    ('DIS036', '2021.1.04.02', '7.9'), ('DIS037', '2021.1.04.02', '6.4'), ('DIS038', '2021.1.04.02', '2.1'), ('DIS039', '2021.1.04.02', '9.5'), ('DIS040', '2021.1.04.02', '7.8'),
    ('DIS040', '2021.1.04.03', '6.3'), ('DIS031', '2021.1.04.03', '5.7'), ('DIS039', '2021.1.04.03', '1.6'), ('DIS032', '2021.1.04.03', '8.8'), ('DIS038', '2021.1.04.03', '6.6'), 
    ('DIS031', '2021.1.04.04', '9.2'), ('DIS033', '2021.1.04.04', '4.7'), ('DIS036', '2021.1.04.04', '0.4'), ('DIS037', '2021.1.04.04', '9.8'), ('DIS040', '2021.1.04.04', '1.4'), 
    ('DIS030', '2021.1.04.05', '8.6'), ('DIS035', '2021.1.04.05', '7.4'), ('DIS033', '2021.1.04.05', '7.0'), ('DIS034', '2021.1.04.05', '9.9'), ('DIS039', '2021.1.04.05', '3.5'),

    ('DIS041', '2021.1.05.01', '8.5'), ('DIS042', '2021.1.05.01', '8.8'), ('DIS043', '2021.1.05.01', '9.7'), ('DIS044', '2021.1.05.01', '9.2'), ('DIS045', '2021.1.05.01', '4.0'),
    ('DIS046', '2021.1.05.02', '8.9'), ('DIS047', '2021.1.05.02', '8.2'), ('DIS048', '2021.1.05.02', '7.9'), ('DIS049', '2021.1.05.02', '6.8'), ('DIS050', '2021.1.05.02', '9.8'),
    ('DIS050', '2021.1.05.03', '9.6'), ('DIS041', '2021.1.05.03', '6.7'), ('DIS049', '2021.1.05.03', '9.9'), ('DIS042', '2021.1.05.03', '8.8'), ('DIS048', '2021.1.05.03', '7.0'), 
    ('DIS041', '2021.1.05.04', '7.4'), ('DIS043', '2021.1.05.04', '6.7'), ('DIS046', '2021.1.05.04', '8.0'), ('DIS047', '2021.1.05.04', '9.0'), ('DIS050', '2021.1.05.04', '2.4'), 
    ('DIS050', '2021.1.05.05', '8.7'), ('DIS045', '2021.1.05.05', '6.6'), ('DIS043', '2021.1.05.05', '7.2'), ('DIS044', '2021.1.05.05', '5.9'), ('DIS049', '2021.1.05.05', '3.3'),

    ('DIS051', '2017.1.06.01', '3.0'), ('DIS052', '2017.1.06.01', '6.7'), ('DIS053', '2017.1.06.01', '4.6'), ('DIS054', '2017.1.06.01', '7.6'), ('DIS055', '2017.1.06.01', '9.7'),
    ('DIS056', '2017.1.06.02', '4.2'), ('DIS057', '2017.1.06.02', '7.4'), ('DIS058', '2017.1.06.02', '5.6'), ('DIS059', '2017.1.06.02', '6.3'), ('DIS060', '2017.1.06.02', '7.7'),
    ('DIS060', '2017.1.06.03', '5.1'), ('DIS051', '2017.1.06.03', '5.7'), ('DIS059', '2017.1.06.03', '5.6'), ('DIS052', '2017.1.06.03', '7.0'), ('DIS058', '2017.1.06.03', '9.5'), 
    ('DIS051', '2017.1.06.04', '5.5'), ('DIS053', '2017.1.06.04', '5.7'), ('DIS056', '2017.1.06.04', '5.4'), ('DIS057', '2017.1.06.04', '9.1'), ('DIS060', '2017.1.06.04', '5.4'), 
    ('DIS060', '2017.1.06.05', '1.3'), ('DIS055', '2017.1.06.05', '3.6'), ('DIS053', '2017.1.06.05', '4.8'), ('DIS054', '2017.1.06.05', '2.9'), ('DIS059', '2017.1.06.05', '8.2'),

    ('DIS061', '2019.1.07.01', '0.0'), ('DIS062', '2019.1.07.01', '8.7'), ('DIS063', '2019.1.07.01', '7.6'), ('DIS064', '2019.1.07.01', '5.8'), ('DIS065', '2019.1.07.01', '4.4'),
    ('DIS066', '2019.1.07.02', '8.3'), ('DIS067', '2019.1.07.02', '8.4'), ('DIS068', '2019.1.07.02', '4.6'), ('DIS069', '2019.1.07.02', '7.2'), ('DIS070', '2019.1.07.02', '3.2'),
    ('DIS070', '2019.1.07.03', '7.5'), ('DIS061', '2019.1.07.03', '9.9'), ('DIS069', '2019.1.07.03', '3.6'), ('DIS062', '2019.1.07.03', '8.0'), ('DIS068', '2019.1.07.03', '2.3'), 
    ('DIS061', '2019.1.07.04', '6.4'), ('DIS063', '2019.1.07.04', '9.9'), ('DIS066', '2019.1.07.04', '2.4'), ('DIS067', '2019.1.07.04', '2.7'), ('DIS070', '2019.1.07.04', '9.9'), 
    ('DIS070', '2019.1.07.05', '6.9'), ('DIS065', '2019.1.07.05', '10.0'), ('DIS063', '2019.1.07.05', '3.8'), ('DIS064', '2019.1.07.05', '7.9'), ('DIS069', '2019.1.07.05', '9.6'),

    ('DIS071', '2020.1.08.01', '9.0'), ('DIS072', '2020.1.08.01', '5.7'), ('DIS073', '2020.1.08.01', '5.6'), ('DIS074', '2020.1.08.01', '2.3'), ('DIS075', '2020.1.08.01', '8.4'),
    ('DIS076', '2020.1.08.02', '7.9'), ('DIS077', '2020.1.08.02', '6.4'), ('DIS078', '2020.1.08.02', '4.6'), ('DIS079', '2020.1.08.02', '6.5'), ('DIS080', '2020.1.08.02', '9.3'),
    ('DIS080', '2020.1.08.03', '6.3'), ('DIS071', '2020.1.08.03', '6.7'), ('DIS079', '2020.1.08.03', '5.6'), ('DIS072', '2020.1.08.03', '8.2'), ('DIS078', '2020.1.08.03', '3.0'), 
    ('DIS071', '2020.1.08.04', '6.8'), ('DIS073', '2020.1.08.04', '7.7'), ('DIS076', '2020.1.08.04', '7.4'), ('DIS077', '2020.1.08.04', '6.6'), ('DIS080', '2020.1.08.04', '6.6'), 
    ('DIS080', '2020.1.08.05', '6.6'), ('DIS075', '2020.1.08.05', '8.6'), ('DIS073', '2020.1.08.05', '4.8'), ('DIS074', '2020.1.08.05', '8.8'), ('DIS079', '2020.1.08.05', '7.9'),

    ('DIS081', '2022.1.09.01', '10.0'), ('DIS082', '2022.1.09.01', '9.7'), ('DIS083', '2022.1.09.01', '2.8'), ('DIS084', '2022.1.09.01', '8.3'), ('DIS085', '2022.1.09.01', '4.4'),
    ('DIS086', '2022.1.09.02', '6.4'), ('DIS087', '2022.1.09.02', '5.4'), ('DIS088', '2022.1.09.02', '3.3'), ('DIS089', '2022.1.09.02', '8.5'), ('DIS090', '2022.1.09.02', '5.6'),
    ('DIS090', '2022.1.09.03', '3.3'), ('DIS081', '2022.1.09.03', '9.7'), ('DIS089', '2022.1.09.03', '2.6'), ('DIS082', '2022.1.09.03', '8.8'), ('DIS088', '2022.1.09.03', '3.5'), 
    ('DIS081', '2022.1.09.04', '10.0'), ('DIS083', '2022.1.09.04', '9.7'), ('DIS086', '2022.1.09.04', '3.4'), ('DIS087', '2022.1.09.04', '9.4'), ('DIS090', '2022.1.09.04', '7.7'), 
    ('DIS090', '2022.1.09.05', '8.7'), ('DIS085', '2022.1.09.05', '10.0'), ('DIS083', '2022.1.09.05', '1.8'), ('DIS084', '2022.1.09.05', '7.1'), ('DIS089', '2022.1.09.05', '9.2'),

    ('DIS091', '2023.1.10.01', '7.9'), ('DIS092', '2023.1.10.01', '7.7'), ('DIS093', '2023.1.10.01', '10.0'), ('DIS094', '2023.1.10.01', '5.8'), ('DIS095', '2023.1.10.01', '9.1'),
    ('DIS096', '2023.1.10.02', '7.8'), ('DIS097', '2023.1.10.02', '5.4'), ('DIS098', '2023.1.10.02', '10.0'), ('DIS099', '2023.1.10.02', '6.5'), ('DIS100', '2023.1.10.02', '1.2'),
    ('DIS100', '2023.1.10.03', '6.3'), ('DIS091', '2023.1.10.03', '6.7'), ('DIS099', '2023.1.10.03', '10.0'), ('DIS092', '2023.1.10.03', '8.8'), ('DIS098', '2023.1.10.03', '2.3'), 
    ('DIS091', '2023.1.10.04', '4.2'), ('DIS093', '2023.1.10.04', '3.7'), ('DIS096', '2023.1.10.04', '10.0'), ('DIS097', '2023.1.10.04', '9.8'), ('DIS100', '2023.1.10.04', '6.7'), 
    ('DIS100', '2023.1.10.05', '9.6'), ('DIS095', '2023.1.10.05', '0.5'), ('DIS093', '2023.1.10.05', '10.0'), ('DIS094', '2023.1.10.05', '6.9'), ('DIS099', '2023.1.10.05', '6.4'),

    ('DIS101', '2023.1.11.01', '7.1'), ('DIS102', '2023.1.11.01', '2.7'), ('DIS103', '2023.1.11.01', '9.6'), ('DIS104', '2023.1.11.01', '9.8'), ('DIS105', '2023.1.11.01', '7.7'),
    ('DIS106', '2023.1.11.02', '10.0'), ('DIS107', '2023.1.11.02', '8.4'), ('DIS108', '2023.1.11.02', '2.6'), ('DIS109', '2023.1.11.02', '2.5'), ('DIS110', '2023.1.11.02', '8.8'),
    ('DIS110', '2023.1.11.03', '9.5'), ('DIS101', '2023.1.11.03', '8.7'), ('DIS109', '2023.1.11.03', '6.8'), ('DIS102', '2023.1.11.03', '8.8'), ('DIS108', '2023.1.11.03', '6.5'), 
    ('DIS101', '2023.1.11.04', '9.6'), ('DIS103', '2023.1.11.04', '7.7'), ('DIS106', '2023.1.11.04', '9.4'), ('DIS107', '2023.1.11.04', '3.8'), ('DIS110', '2023.1.11.04', '5.2'), 
    ('DIS110', '2023.1.11.05', '10.0'), ('DIS105', '2023.1.11.05', '9.0'), ('DIS103', '2023.1.11.05', '7.5'), ('DIS104', '2023.1.11.05', '6.4'), ('DIS109', '2023.1.11.05', '4.4'),

    ('DIS111', '2020.1.12.01', '7.8'), ('DIS112', '2020.1.12.01', '3.7'), ('DIS113', '2020.1.12.01', '3.9'), ('DIS114', '2020.1.12.01', '0.8'), ('DIS115', '2020.1.12.01', '7.8'),
    ('DIS116', '2020.1.12.02', '8.2'), ('DIS117', '2020.1.12.02', '4.4'), ('DIS118', '2020.1.12.02', '2.5'), ('DIS119', '2020.1.12.02', '2.5'), ('DIS120', '2020.1.12.02', '6.6'),
    ('DIS120', '2020.1.12.03', '8.3'), ('DIS111', '2020.1.12.03', '6.7'), ('DIS119', '2020.1.12.03', '3.6'), ('DIS112', '2020.1.12.03', '8.1'), ('DIS118', '2020.1.12.03', '9.7'), 
    ('DIS111', '2020.1.12.04', '7.7'), ('DIS113', '2020.1.12.04', '9.7'), ('DIS116', '2020.1.12.04', '2.4'), ('DIS117', '2020.1.12.04', '6.8'), ('DIS120', '2020.1.12.04', '3.2'), 
    ('DIS120', '2020.1.12.05', '8.0'), ('DIS115', '2020.1.12.05', '10.0'), ('DIS113', '2020.1.12.05', '3.8'), ('DIS114', '2020.1.12.05', '1.9'), ('DIS119', '2020.1.12.05', '3.6'),

    ('DIS121', '2022.1.13.01', '9.2'), ('DIS122', '2022.1.13.01', '9.7'), ('DIS123', '2022.1.13.01', '9.6'), ('DIS124', '2022.1.13.01', '9.8'), ('DIS125', '2022.1.13.01', '6.4'),
    ('DIS126', '2022.1.13.02', '4.9'), ('DIS127', '2022.1.13.02', '3.4'), ('DIS128', '2022.1.13.02', '5.6'), ('DIS129', '2022.1.13.02', '7.2'), ('DIS130', '2022.1.13.02', '10.0'),
    ('DIS130', '2022.1.13.03', '3.3'), ('DIS121', '2022.1.13.03', '5.7'), ('DIS129', '2022.1.13.03', '7.6'), ('DIS122', '2022.1.13.03', '7.2'), ('DIS128', '2022.1.13.03', '9.7'), 
    ('DIS121', '2022.1.13.04', '2.2'), ('DIS123', '2022.1.13.04', '4.7'), ('DIS126', '2022.1.13.04', '6.4'), ('DIS127', '2022.1.13.04', '9.8'), ('DIS130', '2022.1.13.04', '9.8'), 
    ('DIS130', '2022.1.13.05', '1.6'), ('DIS125', '2022.1.13.05', '8.8'), ('DIS123', '2022.1.13.05', '8.8'), ('DIS124', '2022.1.13.05', '3.9'), ('DIS129', '2022.1.13.05', '4.2'),

    ('DIS131', '2019.1.14.01', '2.9'), ('DIS132', '2019.1.14.01', '7.7'), ('DIS133', '2019.1.14.01', '2.6'), ('DIS134', '2019.1.14.01', '9.8'), ('DIS135', '2019.1.14.01', '10.0'),
    ('DIS136', '2019.1.14.02', '10.0'), ('DIS137', '2019.1.14.02', '8.9'), ('DIS138', '2019.1.14.02', '9.6'), ('DIS139', '2019.1.14.02', '4.9'), ('DIS140', '2019.1.14.02', '1.1'),
    ('DIS140', '2019.1.14.03', '0.0'), ('DIS131', '2019.1.14.03', '4.7'), ('DIS139', '2019.1.14.03', '6.6'), ('DIS132', '2019.1.14.03', '6.8'), ('DIS138', '2019.1.14.03', '1.2'), 
    ('DIS131', '2019.1.14.04', '3.0'), ('DIS133', '2019.1.14.04', '7.0'), ('DIS136', '2019.1.14.04', '8.4'), ('DIS137', '2019.1.14.04', '9.2'), ('DIS140', '2019.1.14.04', '3.6'), 
    ('DIS140', '2019.1.14.05', '6.0'), ('DIS135', '2019.1.14.05', '6.0'), ('DIS133', '2019.1.14.05', '7.8'), ('DIS134', '2019.1.14.05', '3.9'), ('DIS139', '2019.1.14.05', '7.8'),

    ('DIS141', '2018.1.15.01', '5.7'), ('DIS142', '2018.1.15.01', '6.7'), ('DIS143', '2018.1.15.01', '6.6'), ('DIS144', '2018.1.15.01', '9.8'), ('DIS145', '2018.1.15.01', '9.9'),
    ('DIS146', '2018.1.15.02', '8.9'), ('DIS147', '2018.1.15.02', '8.4'), ('DIS148', '2018.1.15.02', '5.6'), ('DIS149', '2018.1.15.02', '8.5'), ('DIS150', '2018.1.15.02', '8.8'),
    ('DIS150', '2018.1.15.03', '6.6'), ('DIS141', '2018.1.15.03', '7.5'), ('DIS149', '2018.1.15.03', '5.6'), ('DIS142', '2018.1.15.03', '7.8'), ('DIS148', '2018.1.15.03', '7.0'), 
    ('DIS141', '2018.1.15.04', '7.2'), ('DIS143', '2018.1.15.04', '7.6'), ('DIS146', '2018.1.15.04', '5.4'), ('DIS147', '2018.1.15.04', '6.8'), ('DIS150', '2018.1.15.04', '6.4'), 
    ('DIS150', '2018.1.15.05', '7.5'), ('DIS145', '2018.1.15.05', '8.8'), ('DIS143', '2018.1.15.05', '5.8'), ('DIS144', '2018.1.15.05', '5.9'), ('DIS149', '2018.1.15.05', '2.3'),

    ('DIS151', '2017.1.16.01', '7.3'), ('DIS152', '2017.1.16.01', '10.0'), ('DIS153', '2017.1.16.01', '8.8'), ('DIS154', '2017.1.16.01', '6.8'), ('DIS155', '2017.1.16.01', '9.9'),
    ('DIS156', '2017.1.16.02', '7.9'), ('DIS157', '2017.1.16.02', '9.9'), ('DIS158', '2017.1.16.02', '7.8'), ('DIS159', '2017.1.16.02', '7.5'), ('DIS160', '2017.1.16.02', '8.0'),
    ('DIS160', '2017.1.16.03', '6.3'), ('DIS151', '2017.1.16.03', '7.7'), ('DIS159', '2017.1.16.03', '4.9'), ('DIS152', '2017.1.16.03', '9.8'), ('DIS158', '2017.1.16.03', '3.0'), 
    ('DIS151', '2017.1.16.04', '9.2'), ('DIS153', '2017.1.16.04', '4.4'), ('DIS156', '2017.1.16.04', '6.2'), ('DIS157', '2017.1.16.04', '10.0'), ('DIS160', '2017.1.16.04', '2.4'), 
    ('DIS160', '2017.1.16.05', '4.4'), ('DIS155', '2017.1.16.05', '5.0'), ('DIS153', '2017.1.16.05', '4.3'), ('DIS154', '2017.1.16.05', '2.9'), ('DIS159', '2017.1.16.05', '4.2'),

    ('DIS161', '2021.1.17.01', '4.3'), ('DIS162', '2021.1.17.01', '9.7'), ('DIS163', '2021.1.17.01', '8.2'), ('DIS164', '2021.1.17.01', '3.8'), ('DIS165', '2021.1.17.01', '5.0'),
    ('DIS166', '2021.1.17.02', '5.9'), ('DIS167', '2021.1.17.02', '6.4'), ('DIS168', '2021.1.17.02', '4.0'), ('DIS169', '2021.1.17.02', '4.5'), ('DIS170', '2021.1.17.02', '10.0'),
    ('DIS170', '2021.1.17.03', '7.0'), ('DIS161', '2021.1.17.03', '7.7'), ('DIS169', '2021.1.17.03', '2.3'), ('DIS162', '2021.1.17.03', '9.8'), ('DIS168', '2021.1.17.03', '9.0'), 
    ('DIS161', '2021.1.17.04', '8.2'), ('DIS163', '2021.1.17.04', '7.2'), ('DIS166', '2021.1.17.04', '5.2'), ('DIS167', '2021.1.17.04', '3.2'), ('DIS170', '2021.1.17.04', '8.4'), 
    ('DIS170', '2021.1.17.05', '4.1'), ('DIS165', '2021.1.17.05', '6.0'), ('DIS163', '2021.1.17.05', '0.9'), ('DIS164', '2021.1.17.05', '5.0'), ('DIS169', '2021.1.17.05', '8.6'),

    ('DIS171', '2022.1.18.01', '6.7'), ('DIS172', '2022.1.18.01', '8.7'), ('DIS173', '2022.1.18.01', '7.6'), ('DIS174', '2022.1.18.01', '5.8'), ('DIS175', '2022.1.18.01', '7.9'),
    ('DIS176', '2022.1.18.02', '3.9'), ('DIS177', '2022.1.18.02', '7.4'), ('DIS178', '2022.1.18.02', '5.6'), ('DIS179', '2022.1.18.02', '7.5'), ('DIS180', '2022.1.18.02', '2.7'),
    ('DIS180', '2022.1.18.03', '8.8'), ('DIS171', '2022.1.18.03', '6.7'), ('DIS179', '2022.1.18.03', '7.6'), ('DIS172', '2022.1.18.03', '3.2'), ('DIS178', '2022.1.18.03', '6.9'), 
    ('DIS171', '2022.1.18.04', '4.2'), ('DIS173', '2022.1.18.04', '7.7'), ('DIS176', '2022.1.18.04', '6.4'), ('DIS177', '2022.1.18.04', '2.8'), ('DIS180', '2022.1.18.04', '7.4'), 
    ('DIS180', '2022.1.18.05', '9.0'), ('DIS175', '2022.1.18.05', '10.0'), ('DIS173', '2022.1.18.05', '8.8'), ('DIS174', '2022.1.18.05', '1.9'), ('DIS179', '2022.1.18.05', '9.6'),

    ('DIS181', '2019.1.19.01', '1.9'), ('DIS182', '2019.1.19.01', '8.7'), ('DIS183', '2019.1.19.01', '0.6'), ('DIS184', '2019.1.19.01', '2.8'), ('DIS185', '2019.1.19.01', '1.5'),
    ('DIS186', '2019.1.19.02', '8.9'), ('DIS187', '2019.1.19.02', '10.0'), ('DIS188', '2019.1.19.02', '3.6'), ('DIS189', '2019.1.19.02', '4.5'), ('DIS190', '2019.1.19.02', '3.0'),
    ('DIS190', '2019.1.19.03', '2.3'), ('DIS181', '2019.1.19.03', '7.7'), ('DIS189', '2019.1.19.03', '2.6'), ('DIS182', '2019.1.19.03', '2.5'), ('DIS188', '2019.1.19.03', '2.1'), 
    ('DIS181', '2019.1.19.04', '10.0'), ('DIS183', '2019.1.19.04', '7.0'), ('DIS186', '2019.1.19.04', '5.4'), ('DIS187', '2019.1.19.04', '3.8'), ('DIS190', '2019.1.19.04', '1.2'), 
    ('DIS190', '2019.1.19.05', '0.7'), ('DIS185', '2019.1.19.05', '6.6'), ('DIS183', '2019.1.19.05', '4.8'), ('DIS184', '2019.1.19.05', '7.9'), ('DIS189', '2019.1.19.05', '0.0'),

    ('DIS191', '2019.1.20.01', '7.7'), ('DIS192', '2019.1.20.01', '8.7'), ('DIS193', '2019.1.20.01', '9.6'), ('DIS194', '2019.1.20.01', '3.3'), ('DIS195', '2019.1.20.01', '7.0'),
    ('DIS196', '2019.1.20.02', '5.9'), ('DIS197', '2019.1.20.02', '6.9'), ('DIS198', '2019.1.20.02', '9.8'), ('DIS199', '2019.1.20.02', '1.5'), ('DIS200', '2019.1.20.02', '8.0'),
    ('DIS200', '2019.1.20.03', '3.2'), ('DIS191', '2019.1.20.03', '2.7'), ('DIS199', '2019.1.20.03', '9.6'), ('DIS192', '2019.1.20.03', '7.5'), ('DIS198', '2019.1.20.03', '4.0'), 
    ('DIS191', '2019.1.20.04', '9.2'), ('DIS193', '2019.1.20.04', '7.2'), ('DIS196', '2019.1.20.04', '9.4'), ('DIS197', '2019.1.20.04', '5.2'), ('DIS200', '2019.1.20.04', '3.4'), 
    ('DIS200', '2019.1.20.05', '0.0'), ('DIS195', '2019.1.20.05', '10.0'), ('DIS193', '2019.1.20.05', '9.8'), ('DIS194', '2019.1.20.05', '3.3'), ('DIS199', '2019.1.20.05', '0.6'),

    ('DIS201', '2020.1.21.01', '7.9'), ('DIS202', '2020.1.21.01', '8.7'), ('DIS203', '2020.1.21.01', '6.6'), ('DIS204', '2020.1.21.01', '2.2'), ('DIS205', '2020.1.21.01', '3.3'),
    ('DIS206', '2020.1.21.02', '5.5'), ('DIS207', '2020.1.21.02', '8.4'), ('DIS208', '2020.1.21.02', '8.2'), ('DIS209', '2020.1.21.02', '1.9'), ('DIS210', '2020.1.21.02', '1.0'),
    ('DIS210', '2020.1.21.03', '5.1'), ('DIS201', '2020.1.21.03', '3.7'), ('DIS209', '2020.1.21.03', '7.6'), ('DIS202', '2020.1.21.03', '3.0'), ('DIS208', '2020.1.21.03', '4.0'), 
    ('DIS201', '2020.1.21.04', '8.2'), ('DIS203', '2020.1.21.04', '8.7'), ('DIS206', '2020.1.21.04', '2.4'), ('DIS207', '2020.1.21.04', '4.0'), ('DIS210', '2020.1.21.04', '5.4'), 
    ('DIS210', '2020.1.21.05', '8.9'), ('DIS205', '2020.1.21.05', '10.0'), ('DIS203', '2020.1.21.05', '3.8'), ('DIS204', '2020.1.21.05', '1.7'), ('DIS209', '2020.1.21.05', '6.6'),

    ('DIS211', '2019.1.22.01', '10.0'), ('DIS212', '2019.1.22.01', '8.7'), ('DIS213', '2019.1.22.01', '6.6'), ('DIS214', '2019.1.22.01', '8.8'), ('DIS215', '2019.1.22.01', '3.7'),
    ('DIS216', '2019.1.22.02', '6.6'), ('DIS217', '2019.1.22.02', '7.4'), ('DIS218', '2019.1.22.02', '7.6'), ('DIS219', '2019.1.22.02', '9.5'), ('DIS220', '2019.1.22.02', '1.8'),
    ('DIS220', '2019.1.22.03', '9.3'), ('DIS211', '2019.1.22.03', '8.8'), ('DIS219', '2019.1.22.03', '6.9'), ('DIS212', '2019.1.22.03', '9.9'), ('DIS218', '2019.1.22.03', '7.8'), 
    ('DIS211', '2019.1.22.04', '7.7'), ('DIS213', '2019.1.22.04', '9.7'), ('DIS216', '2019.1.22.04', '7.4'), ('DIS217', '2019.1.22.04', '7.9'), ('DIS220', '2019.1.22.04', '7.4'), 
    ('DIS220', '2019.1.22.05', '7.6'), ('DIS215', '2019.1.22.05', '10.0'), ('DIS213', '2019.1.22.05', '6.8'), ('DIS214', '2019.1.22.05', '8.9'), ('DIS219', '2019.1.22.05', '7.6'),

    ('DIS221', '2019.1.23.01', '2.9'), ('DIS222', '2019.1.23.01', '8.7'), ('DIS223', '2019.1.23.01', '8.6'), ('DIS224', '2019.1.23.01', '10.0'), ('DIS225', '2019.1.23.01', '7.7'),
    ('DIS226', '2019.1.23.02', '6.6'), ('DIS227', '2019.1.23.02', '9.4'), ('DIS228', '2019.1.23.02', '9.3'), ('DIS229', '2019.1.23.02', '10.0'), ('DIS230', '2019.1.23.02', '1.8'),
    ('DIS230', '2019.1.23.03', '8.3'), ('DIS221', '2019.1.23.03', '8.7'), ('DIS229', '2019.1.23.03', '8.6'), ('DIS222', '2019.1.23.03', '10.0'), ('DIS228', '2019.1.23.03', '8.5'), 
    ('DIS221', '2019.1.23.04', '7.2'), ('DIS223', '2019.1.23.04', '3.7'), ('DIS226', '2019.1.23.04', '9.4'), ('DIS227', '2019.1.23.04', '10.0'), ('DIS230', '2019.1.23.04', '7.8'), 
    ('DIS230', '2019.1.23.05', '9.6'), ('DIS225', '2019.1.23.05', '10.0'), ('DIS223', '2019.1.23.05', '8.8'), ('DIS224', '2019.1.23.05', '10.0'), ('DIS229', '2019.1.23.05', '9.7'),

    ('DIS231', '2022.1.24.01', '7.9'), ('DIS232', '2022.1.24.01', '8.7'), ('DIS233', '2022.1.24.01', '1.6'), ('DIS234', '2022.1.24.01', '3.3'), ('DIS235', '2022.1.24.01', '1.0'),
    ('DIS236', '2022.1.24.02', '3.3'), ('DIS237', '2022.1.24.02', '9.9'), ('DIS238', '2022.1.24.02', '2.2'), ('DIS239', '2022.1.24.02', '7.6'), ('DIS240', '2022.1.24.02', '3.2'),
    ('DIS240', '2022.1.24.03', '2.4'), ('DIS231', '2022.1.24.03', '7.7'), ('DIS239', '2022.1.24.03', '3.6'), ('DIS232', '2022.1.24.03', '5.2'), ('DIS238', '2022.1.24.03', '5.0'), 
    ('DIS231', '2022.1.24.04', '5.2'), ('DIS233', '2022.1.24.04', '6.7'), ('DIS236', '2022.1.24.04', '2.4'), ('DIS237', '2022.1.24.04', '1.3'), ('DIS240', '2022.1.24.04', '8.5'), 
    ('DIS240', '2022.1.24.05', '0.7'), ('DIS235', '2022.1.24.05', '10.0'), ('DIS233', '2022.1.24.05', '0.8'), ('DIS234', '2022.1.24.05', '7.8'), ('DIS239', '2022.1.24.05', '8.9'),

    ('DIS241', '2019.1.25.01', '6.9'), ('DIS242', '2019.1.25.01', '8.7'), ('DIS243', '2019.1.25.01', '6.2'), ('DIS244', '2019.1.25.01', '4.0'), ('DIS245', '2019.1.25.01', '10.0'),
    ('DIS246', '2019.1.25.02', '5.5'), ('DIS247', '2019.1.25.02', '6.4'), ('DIS248', '2019.1.25.02', '2.0'), ('DIS249', '2019.1.25.02', '5.2'), ('DIS250', '2019.1.25.02', '10.0'),
    ('DIS250', '2019.1.25.03', '7.7'), ('DIS241', '2019.1.25.03', '6.5'), ('DIS249', '2019.1.25.03', '3.6'), ('DIS242', '2019.1.25.03', '6.3'), ('DIS248', '2019.1.25.03', '10.0'), 
    ('DIS241', '2019.1.25.04', '8.2'), ('DIS243', '2019.1.25.04', '5.7'), ('DIS246', '2019.1.25.04', '2.4'), ('DIS247', '2019.1.25.04', '6.1'), ('DIS250', '2019.1.25.04', '10.0'), 
    ('DIS250', '2019.1.25.05', '2.1'), ('DIS245', '2019.1.25.05', '10.0'), ('DIS243', '2019.1.25.05', '5.8'), ('DIS244', '2019.1.25.05', '4.4'), ('DIS249', '2019.1.25.05', '10.0'),

    ('DIS251', '2018.1.26.01', '6.6'), ('DIS252', '2018.1.26.01', '8.7'), ('DIS253', '2018.1.26.01', '7.6'), ('DIS254', '2018.1.26.01', '1.2'), ('DIS255', '2018.1.26.01', '7.0'),
    ('DIS256', '2018.1.26.02', '2.3'), ('DIS257', '2018.1.26.02', '7.4'), ('DIS258', '2018.1.26.02', '5.2'), ('DIS259', '2018.1.26.02', '2.3'), ('DIS260', '2018.1.26.02', '6.0'),
    ('DIS260', '2018.1.26.03', '8.8'), ('DIS251', '2018.1.26.03', '6.7'), ('DIS259', '2018.1.26.03', '2.6'), ('DIS252', '2018.1.26.03', '3.0'), ('DIS258', '2018.1.26.03', '9.6'), 
    ('DIS251', '2018.1.26.04', '4.2'), ('DIS253', '2018.1.26.04', '2.7'), ('DIS256', '2018.1.26.04', '6.3'), ('DIS257', '2018.1.26.04', '1.1'), ('DIS260', '2018.1.26.04', '5.4'), 
    ('DIS260', '2018.1.26.05', '5.5'), ('DIS255', '2018.1.26.05', '10.0'), ('DIS253', '2018.1.26.05', '7.8'), ('DIS254', '2018.1.26.05', '0.9'), ('DIS259', '2018.1.26.05', '3.6'),

    ('DIS261', '2023.1.27.01', '7.9'), ('DIS262', '2023.1.27.01', '8.7'), ('DIS263', '2023.1.27.01', '10.0'), ('DIS264', '2023.1.27.01', '9.8'), ('DIS265', '2023.1.27.01', '8.8'),
    ('DIS266', '2023.1.27.02', '10.0'), ('DIS267', '2023.1.27.02', '3.4'), ('DIS268', '2023.1.27.02', '8.6'), ('DIS269', '2023.1.27.02', '9.5'), ('DIS270', '2023.1.27.02', '10.0'),
    ('DIS270', '2023.1.27.03', '9.9'), ('DIS261', '2023.1.27.03', '7.7'), ('DIS269', '2023.1.27.03', '7.8'), ('DIS262', '2023.1.27.03', '9.8'), ('DIS268', '2023.1.27.03', '7.5'), 
    ('DIS261', '2023.1.27.04', '8.2'), ('DIS263', '2023.1.27.04', '7.5'), ('DIS266', '2023.1.27.04', '5.7'), ('DIS267', '2023.1.27.04', '9.8'), ('DIS270', '2023.1.27.04', '5.5'), 
    ('DIS270', '2023.1.27.05', '9.7'), ('DIS265', '2023.1.27.05', '10.0'), ('DIS263', '2023.1.27.05', '9.0'), ('DIS264', '2023.1.27.05', '9.9'), ('DIS269', '2023.1.27.05', '6.6'),

    ('DIS271', '2022.1.28.01', '0.9'), ('DIS272', '2022.1.28.01', '8.7'), ('DIS273', '2022.1.28.01', '8.6'), ('DIS274', '2022.1.28.01', '6.8'), ('DIS275', '2022.1.28.01', '4.0'),
    ('DIS276', '2022.1.28.02', '6.8'), ('DIS277', '2022.1.28.02', '6.4'), ('DIS278', '2022.1.28.02', '6.6'), ('DIS279', '2022.1.28.02', '7.5'), ('DIS280', '2022.1.28.02', '1.9'),
    ('DIS280', '2022.1.28.03', '8.3'), ('DIS271', '2022.1.28.03', '5.0'), ('DIS279', '2022.1.28.03', '4.6'), ('DIS272', '2022.1.28.03', '8.6'), ('DIS278', '2022.1.28.03', '7.9'), 
    ('DIS271', '2022.1.28.04', '4.2'), ('DIS273', '2022.1.28.04', '8.0'), ('DIS276', '2022.1.28.04', '3.2'), ('DIS277', '2022.1.28.04', '7.8'), ('DIS280', '2022.1.28.04', '4.4'), 
    ('DIS280', '2022.1.28.05', '8.8'), ('DIS275', '2022.1.28.05', '10.0'), ('DIS273', '2022.1.28.05', '7.8'), ('DIS274', '2022.1.28.05', '8.7'), ('DIS279', '2022.1.28.05', '5.6'),

    ('DIS281', '2020.1.29.01', '4.9'), ('DIS282', '2020.1.29.01', '8.7'), ('DIS283', '2020.1.29.01', '9.9'), ('DIS284', '2020.1.29.01', '8.8'), ('DIS285', '2020.1.29.01', '8.9'),
    ('DIS286', '2020.1.29.02', '7.9'), ('DIS287', '2020.1.29.02', '7.4'), ('DIS288', '2020.1.29.02', '5.6'), ('DIS289', '2020.1.29.02', '3.2'), ('DIS290', '2020.1.29.02', '5.0'),
    ('DIS290', '2020.1.29.03', '6.3'), ('DIS281', '2020.1.29.03', '6.7'), ('DIS289', '2020.1.29.03', '3.6'), ('DIS282', '2020.1.29.03', '8.7'), ('DIS288', '2020.1.29.03', '6.0'), 
    ('DIS281', '2020.1.29.04', '9.2'), ('DIS283', '2020.1.29.04', '9.7'), ('DIS286', '2020.1.29.04', '4.4'), ('DIS287', '2020.1.29.04', '8.8'), ('DIS290', '2020.1.29.04', '5.4'), 
    ('DIS290', '2020.1.29.05', '10.0'), ('DIS285', '2020.1.29.05', '10.0'), ('DIS283', '2020.1.29.05', '1.8'), ('DIS284', '2020.1.29.05', '2.9'), ('DIS289', '2020.1.29.05', '3.6'),

    ('DIS291', '2022.1.30.01', '9.9'), ('DIS292', '2022.1.30.01', '8.7'), ('DIS293', '2022.1.30.01', '9.6'), ('DIS294', '2022.1.30.01', '9.0'), ('DIS295', '2022.1.30.01', '10.0'),
    ('DIS296', '2022.1.30.02', '10.0'), ('DIS297', '2022.1.30.02', '8.7'), ('DIS298', '2022.1.30.02', '7.6'), ('DIS299', '2022.1.30.02', '9.5'), ('DIS300', '2022.1.30.02', '8.8'),
    ('DIS300', '2022.1.30.03', '10.0'), ('DIS291', '2022.1.30.03', '9.9'), ('DIS299', '2022.1.30.03', '8.6'), ('DIS292', '2022.1.30.03', '9.8'), ('DIS298', '2022.1.30.03', '9.8'), 
    ('DIS291', '2022.1.30.04', '8.2'), ('DIS293', '2022.1.30.04', '8.5'), ('DIS296', '2022.1.30.04', '2.4'), ('DIS297', '2022.1.30.04', '5.8'), ('DIS300', '2022.1.30.04', '0.2'), 
    ('DIS300', '2022.1.30.05', '6.6'), ('DIS295', '2022.1.30.05', '10.0'), ('DIS293', '2022.1.30.05', '4.8'), ('DIS294', '2022.1.30.05', '7.9'), ('DIS299', '2022.1.30.05', '2.6');
